STATION,STATION_NAME,ELEVATION,LATITUDE,LONGITUDE,DATE,HLY-TEMP-NORMAL,HLY-DEWP-NORMAL
GHCND:USW00003812,ASHEVILLE REGIONAL AIRPORT NC US,645.3,35.43194,-82.5375,20100101 00:00,349,289
GHCND:USW00003812,ASHEVILLE REGIONAL AIRPORT NC US,645.3,35.43194,-82.5375,20100101 01:00,344,287
GHCND:USW00003812,ASHEVILLE REGIONAL AIRPORT NC US,645.3,35.43194,-82.5375,20100101 02:00,339,284
GHCND:USW00003812,ASHEVILLE REGIONAL AIRPORT NC US,645.3,35.43194,-82.5375,20100101 03:00,334,283
GHCND:USW00003812,ASHEVILLE REGIONAL AIRPORT NC US,645.3,35.43194,-82.5375,20100101 04:00,331,280
GHCND:USW00003812,ASHEVILLE REGIONAL AIRPORT NC US,645.3,35.43194,-82.5375,20100101 05:00,327,279
GHCND:USW00003812,ASHEVILLE REGIONAL AIRPORT NC US,645.3,35.43194,-82.5375,20100101 06:00,325,277
GHCND:USW00003812,ASHEVILLE REGIONAL AIRPORT NC US,645.3,35.43194,-82.5375,20100101 07:00,323,276
GHCND:USW00003812,ASHEVILLE REGIONAL AIRPORT NC US,645.3,35.43194,-82.5375,20100101 08:00,321,274
GHCND:USW00003812,ASHEVILLE REGIONAL AIRPORT NC US,645.3,35.43194,-82.5375,20100101 09:00,338,282
GHCND:USW00003812,ASHEVILLE REGIONAL AIRPORT NC US,645.3,35.43194,-82.5375,20100101 10:00,364,289
GHCND:USW00003812,ASHEVILLE REGIONAL AIRPORT NC US,645.3,35.43194,-82.5375,20100101 11:00,394,293
GHCND:USW00003812,ASHEVILLE REGIONAL AIRPORT NC US,645.3,35.43194,-82.5375,20100101 12:00,421,292
GHCND:USW00003812,ASHEVILLE REGIONAL AIRPORT NC US,645.3,35.43194,-82.5375,20100101 13:00,442,291
GHCND:USW00003812,ASHEVILLE REGIONAL AIRPORT NC US,645.3,35.43194,-82.5375,20100101 14:00,456,289
GHCND:USW00003812,ASHEVILLE REGIONAL AIRPORT NC US,645.3,35.43194,-82.5375,20100101 15:00,462,285
GHCND:USW00003812,ASHEVILLE REGIONAL AIRPORT NC US,645.3,35.43194,-82.5375,20100101 16:00,458,285
GHCND:USW00003812,ASHEVILLE REGIONAL AIRPORT NC US,645.3,35.43194,-82.5375,20100101 17:00,441,286
GHCND:USW00003812,ASHEVILLE REGIONAL AIRPORT NC US,645.3,35.43194,-82.5375,20100101 18:00,412,285
GHCND:USW00003812,ASHEVILLE REGIONAL AIRPORT NC US,645.3,35.43194,-82.5375,20100101 19:00,396,288
GHCND:USW00003812,ASHEVILLE REGIONAL AIRPORT NC US,645.3,35.43194,-82.5375,20100101 20:00,382,290
GHCND:USW00003812,ASHEVILLE REGIONAL AIRPORT NC US,645.3,35.43194,-82.5375,20100101 21:00,372,290
GHCND:USW00003812,ASHEVILLE REGIONAL AIRPORT NC US,645.3,35.43194,-82.5375,20100101 22:00,363,290
GHCND:USW00003812,ASHEVILLE REGIONAL AIRPORT NC US,645.3,35.43194,-82.5375,20100101 23:00,355,290
GHCND:USW00003812,ASHEVILLE REGIONAL AIRPORT NC US,645.3,35.43194,-82.5375,20100102 00:00,349,288
GHCND:USW00003812,ASHEVILLE REGIONAL AIRPORT NC US,645.3,35.43194,-82.5375,20100102 01:00,344,287
GHCND:USW00003812,ASHEVILLE REGIONAL AIRPORT NC US,645.3,35.43194,-82.5375,20100102 02:00,339,284
GHCND:USW00003812,ASHEVILLE REGIONAL AIRPORT NC US,645.3,35.43194,-82.5375,20100102 03:00,335,283
GHCND:USW00003812,ASHEVILLE REGIONAL AIRPORT NC US,645.3,35.43194,-82.5375,20100102 04:00,331,280
GHCND:USW00003812,ASHEVILLE REGIONAL AIRPORT NC US,645.3,35.43194,-82.5375,20100102 05:00,327,279
GHCND:USW00003812,ASHEVILLE REGIONAL AIRPORT NC US,645.3,35.43194,-82.5375,20100102 06:00,325,277
GHCND:USW00003812,ASHEVILLE REGIONAL AIRPORT NC US,645.3,35.43194,-82.5375,20100102 07:00,323,276
GHCND:USW00003812,ASHEVILLE REGIONAL AIRPORT NC US,645.3,35.43194,-82.5375,20100102 08:00,321,275
GHCND:USW00003812,ASHEVILLE REGIONAL AIRPORT NC US,645.3,35.43194,-82.5375,20100102 09:00,338,283
GHCND:USW00003812,ASHEVILLE REGIONAL AIRPORT NC US,645.3,35.43194,-82.5375,20100102 10:00,366,291
GHCND:USW00003812,ASHEVILLE REGIONAL AIRPORT NC US,645.3,35.43194,-82.5375,20100102 11:00,396,295
GHCND:USW00003812,ASHEVILLE REGIONAL AIRPORT NC US,645.3,35.43194,-82.5375,20100102 12:00,424,295
GHCND:USW00003812,ASHEVILLE REGIONAL AIRPORT NC US,645.3,35.43194,-82.5375,20100102 13:00,445,294
GHCND:USW00003812,ASHEVILLE REGIONAL AIRPORT NC US,645.3,35.43194,-82.5375,20100102 14:00,460,291
GHCND:USW00003812,ASHEVILLE REGIONAL AIRPORT NC US,645.3,35.43194,-82.5375,20100102 15:00,465,288
GHCND:USW00003812,ASHEVILLE REGIONAL AIRPORT NC US,645.3,35.43194,-82.5375,20100102 16:00,461,288
GHCND:USW00003812,ASHEVILLE REGIONAL AIRPORT NC US,645.3,35.43194,-82.5375,20100102 17:00,444,287
GHCND:USW00003812,ASHEVILLE REGIONAL AIRPORT NC US,645.3,35.43194,-82.5375,20100102 18:00,415,287
GHCND:USW00003812,ASHEVILLE REGIONAL AIRPORT NC US,645.3,35.43194,-82.5375,20100102 19:00,398,291
GHCND:USW00003812,ASHEVILLE REGIONAL AIRPORT NC US,645.3,35.43194,-82.5375,20100102 20:00,385,292
GHCND:USW00003812,ASHEVILLE REGIONAL AIRPORT NC US,645.3,35.43194,-82.5375,20100102 21:00,374,292
GHCND:USW00003812,ASHEVILLE REGIONAL AIRPORT NC US,645.3,35.43194,-82.5375,20100102 22:00,365,292
GHCND:USW00003812,ASHEVILLE REGIONAL AIRPORT NC US,645.3,35.43194,-82.5375,20100102 23:00,358,291
GHCND:USW00003812,ASHEVILLE REGIONAL AIRPORT NC US,645.3,35.43194,-82.5375,20100103 00:00,351,289
GHCND:USW00003812,ASHEVILLE REGIONAL AIRPORT NC US,645.3,35.43194,-82.5375,20100103 01:00,346,288
GHCND:USW00003812,ASHEVILLE REGIONAL AIRPORT NC US,645.3,35.43194,-82.5375,20100103 02:00,341,285
GHCND:USW00003812,ASHEVILLE REGIONAL AIRPORT NC US,645.3,35.43194,-82.5375,20100103 03:00,337,284
GHCND:USW00003812,ASHEVILLE REGIONAL AIRPORT NC US,645.3,35.43194,-82.5375,20100103 04:00,333,282
GHCND:USW00003812,ASHEVILLE REGIONAL AIRPORT NC US,645.3,35.43194,-82.5375,20100103 05:00,329,281
GHCND:USW00003812,ASHEVILLE REGIONAL AIRPORT NC US,645.3,35.43194,-82.5375,20100103 06:00,327,279
GHCND:USW00003812,ASHEVILLE REGIONAL AIRPORT NC US,645.3,35.43194,-82.5375,20100103 07:00,325,278
GHCND:USW00003812,ASHEVILLE REGIONAL AIRPORT NC US,645.3,35.43194,-82.5375,20100103 08:00,323,277
GHCND:USW00003812,ASHEVILLE REGIONAL AIRPORT NC US,645.3,35.43194,-82.5375,20100103 09:00,340,285
GHCND:USW00003812,ASHEVILLE REGIONAL AIRPORT NC US,645.3,35.43194,-82.5375,20100103 10:00,367,292
GHCND:USW00003812,ASHEVILLE REGIONAL AIRPORT NC US,645.3,35.43194,-82.5375,20100103 11:00,397,296
GHCND:USW00003812,ASHEVILLE REGIONAL AIRPORT NC US,645.3,35.43194,-82.5375,20100103 12:00,425,297
GHCND:USW00003812,ASHEVILLE REGIONAL AIRPORT NC US,645.3,35.43194,-82.5375,20100103 13:00,445,295
GHCND:USW00003812,ASHEVILLE REGIONAL AIRPORT NC US,645.3,35.43194,-82.5375,20100103 14:00,459,292
GHCND:USW00003812,ASHEVILLE REGIONAL AIRPORT NC US,645.3,35.43194,-82.5375,20100103 15:00,465,289
GHCND:USW00003812,ASHEVILLE REGIONAL AIRPORT NC US,645.3,35.43194,-82.5375,20100103 16:00,460,289
GHCND:USW00003812,ASHEVILLE REGIONAL AIRPORT NC US,645.3,35.43194,-82.5375,20100103 17:00,443,289
GHCND:USW00003812,ASHEVILLE REGIONAL AIRPORT NC US,645.3,35.43194,-82.5375,20100103 18:00,415,288
GHCND:USW00003812,ASHEVILLE REGIONAL AIRPORT NC US,645.3,35.43194,-82.5375,20100103 19:00,398,292
GHCND:USW00003812,ASHEVILLE REGIONAL AIRPORT NC US,645.3,35.43194,-82.5375,20100103 20:00,385,293
GHCND:USW00003812,ASHEVILLE REGIONAL AIRPORT NC US,645.3,35.43194,-82.5375,20100103 21:00,374,293
GHCND:USW00003812,ASHEVILLE REGIONAL AIRPORT NC US,645.3,35.43194,-82.5375,20100103 22:00,365,293
GHCND:USW00003812,ASHEVILLE REGIONAL AIRPORT NC US,645.3,35.43194,-82.5375,20100103 23:00,357,292
GHCND:USW00003812,ASHEVILLE REGIONAL AIRPORT NC US,645.3,35.43194,-82.5375,20100104 00:00,350,290
GHCND:USW00003812,ASHEVILLE REGIONAL AIRPORT NC US,645.3,35.43194,-82.5375,20100104 01:00,345,287
GHCND:USW00003812,ASHEVILLE REGIONAL AIRPORT NC US,645.3,35.43194,-82.5375,20100104 02:00,340,285
GHCND:USW00003812,ASHEVILLE REGIONAL AIRPORT NC US,645.3,35.43194,-82.5375,20100104 03:00,336,283
GHCND:USW00003812,ASHEVILLE REGIONAL AIRPORT NC US,645.3,35.43194,-82.5375,20100104 04:00,331,281
GHCND:USW00003812,ASHEVILLE REGIONAL AIRPORT NC US,645.3,35.43194,-82.5375,20100104 05:00,328,280
GHCND:USW00003812,ASHEVILLE REGIONAL AIRPORT NC US,645.3,35.43194,-82.5375,20100104 06:00,325,278
GHCND:USW00003812,ASHEVILLE REGIONAL AIRPORT NC US,645.3,35.43194,-82.5375,20100104 07:00,324,277
GHCND:USW00003812,ASHEVILLE REGIONAL AIRPORT NC US,645.3,35.43194,-82.5375,20100104 08:00,322,276
GHCND:USW00003812,ASHEVILLE REGIONAL AIRPORT NC US,645.3,35.43194,-82.5375,20100104 09:00,338,284
GHCND:USW00003812,ASHEVILLE REGIONAL AIRPORT NC US,645.3,35.43194,-82.5375,20100104 10:00,366,290
GHCND:USW00003812,ASHEVILLE REGIONAL AIRPORT NC US,645.3,35.43194,-82.5375,20100104 11:00,396,294
GHCND:USW00003812,ASHEVILLE REGIONAL AIRPORT NC US,645.3,35.43194,-82.5375,20100104 12:00,423,294
GHCND:USW00003812,ASHEVILLE REGIONAL AIRPORT NC US,645.3,35.43194,-82.5375,20100104 13:00,443,292
GHCND:USW00003812,ASHEVILLE REGIONAL AIRPORT NC US,645.3,35.43194,-82.5375,20100104 14:00,456,289
GHCND:USW00003812,ASHEVILLE REGIONAL AIRPORT NC US,645.3,35.43194,-82.5375,20100104 15:00,462,287
GHCND:USW00003812,ASHEVILLE REGIONAL AIRPORT NC US,645.3,35.43194,-82.5375,20100104 16:00,457,286
GHCND:USW00003812,ASHEVILLE REGIONAL AIRPORT NC US,645.3,35.43194,-82.5375,20100104 17:00,441,287
GHCND:USW00003812,ASHEVILLE REGIONAL AIRPORT NC US,645.3,35.43194,-82.5375,20100104 18:00,413,286
GHCND:USW00003812,ASHEVILLE REGIONAL AIRPORT NC US,645.3,35.43194,-82.5375,20100104 19:00,395,289
GHCND:USW00003812,ASHEVILLE REGIONAL AIRPORT NC US,645.3,35.43194,-82.5375,20100104 20:00,383,290
GHCND:USW00003812,ASHEVILLE REGIONAL AIRPORT NC US,645.3,35.43194,-82.5375,20100104 21:00,372,290
GHCND:USW00003812,ASHEVILLE REGIONAL AIRPORT NC US,645.3,35.43194,-82.5375,20100104 22:00,364,290
GHCND:USW00003812,ASHEVILLE REGIONAL AIRPORT NC US,645.3,35.43194,-82.5375,20100104 23:00,356,289
GHCND:USW00003812,ASHEVILLE REGIONAL AIRPORT NC US,645.3,35.43194,-82.5375,20100105 00:00,348,287
GHCND:USW00003812,ASHEVILLE REGIONAL AIRPORT NC US,645.3,35.43194,-82.5375,20100105 01:00,342,284
GHCND:USW00003812,ASHEVILLE REGIONAL AIRPORT NC US,645.3,35.43194,-82.5375,20100105 02:00,337,281
GHCND:USW00003812,ASHEVILLE REGIONAL AIRPORT NC US,645.3,35.43194,-82.5375,20100105 03:00,332,279
GHCND:USW00003812,ASHEVILLE REGIONAL AIRPORT NC US,645.3,35.43194,-82.5375,20100105 04:00,328,277
GHCND:USW00003812,ASHEVILLE REGIONAL AIRPORT NC US,645.3,35.43194,-82.5375,20100105 05:00,324,275
GHCND:USW00003812,ASHEVILLE REGIONAL AIRPORT NC US,645.3,35.43194,-82.5375,20100105 06:00,322,274
GHCND:USW00003812,ASHEVILLE REGIONAL AIRPORT NC US,645.3,35.43194,-82.5375,20100105 07:00,320,273
GHCND:USW00003812,ASHEVILLE REGIONAL AIRPORT NC US,645.3,35.43194,-82.5375,20100105 08:00,318,272
GHCND:USW00003812,ASHEVILLE REGIONAL AIRPORT NC US,645.3,35.43194,-82.5375,20100105 09:00,335,280
GHCND:USW00003812,ASHEVILLE REGIONAL AIRPORT NC US,645.3,35.43194,-82.5375,20100105 10:00,363,287
GHCND:USW00003812,ASHEVILLE REGIONAL AIRPORT NC US,645.3,35.43194,-82.5375,20100105 11:00,393,290
GHCND:USW00003812,ASHEVILLE REGIONAL AIRPORT NC US,645.3,35.43194,-82.5375,20100105 12:00,421,291
GHCND:USW00003812,ASHEVILLE REGIONAL AIRPORT NC US,645.3,35.43194,-82.5375,20100105 13:00,441,289
GHCND:USW00003812,ASHEVILLE REGIONAL AIRPORT NC US,645.3,35.43194,-82.5375,20100105 14:00,455,286
GHCND:USW00003812,ASHEVILLE REGIONAL AIRPORT NC US,645.3,35.43194,-82.5375,20100105 15:00,460,283
GHCND:USW00003812,ASHEVILLE REGIONAL AIRPORT NC US,645.3,35.43194,-82.5375,20100105 16:00,456,283
GHCND:USW00003812,ASHEVILLE REGIONAL AIRPORT NC US,645.3,35.43194,-82.5375,20100105 17:00,439,284
GHCND:USW00003812,ASHEVILLE REGIONAL AIRPORT NC US,645.3,35.43194,-82.5375,20100105 18:00,411,283
GHCND:USW00003812,ASHEVILLE REGIONAL AIRPORT NC US,645.3,35.43194,-82.5375,20100105 19:00,394,287
GHCND:USW00003812,ASHEVILLE REGIONAL AIRPORT NC US,645.3,35.43194,-82.5375,20100105 20:00,382,288
GHCND:USW00003812,ASHEVILLE REGIONAL AIRPORT NC US,645.3,35.43194,-82.5375,20100105 21:00,371,288
GHCND:USW00003812,ASHEVILLE REGIONAL AIRPORT NC US,645.3,35.43194,-82.5375,20100105 22:00,363,288
GHCND:USW00003812,ASHEVILLE REGIONAL AIRPORT NC US,645.3,35.43194,-82.5375,20100105 23:00,355,287
GHCND:USW00003812,ASHEVILLE REGIONAL AIRPORT NC US,645.3,35.43194,-82.5375,20100106 00:00,348,285
GHCND:USW00003812,ASHEVILLE REGIONAL AIRPORT NC US,645.3,35.43194,-82.5375,20100106 01:00,342,282
GHCND:USW00003812,ASHEVILLE REGIONAL AIRPORT NC US,645.3,35.43194,-82.5375,20100106 02:00,337,280
GHCND:USW00003812,ASHEVILLE REGIONAL AIRPORT NC US,645.3,35.43194,-82.5375,20100106 03:00,332,278
GHCND:USW00003812,ASHEVILLE REGIONAL AIRPORT NC US,645.3,35.43194,-82.5375,20100106 04:00,328,276
GHCND:USW00003812,ASHEVILLE REGIONAL AIRPORT NC US,645.3,35.43194,-82.5375,20100106 05:00,325,275
GHCND:USW00003812,ASHEVILLE REGIONAL AIRPORT NC US,645.3,35.43194,-82.5375,20100106 06:00,322,274
GHCND:USW00003812,ASHEVILLE REGIONAL AIRPORT NC US,645.3,35.43194,-82.5375,20100106 07:00,321,273
GHCND:USW00003812,ASHEVILLE REGIONAL AIRPORT NC US,645.3,35.43194,-82.5375,20100106 08:00,318,272
GHCND:USW00003812,ASHEVILLE REGIONAL AIRPORT NC US,645.3,35.43194,-82.5375,20100106 09:00,335,280
GHCND:USW00003812,ASHEVILLE REGIONAL AIRPORT NC US,645.3,35.43194,-82.5375,20100106 10:00,363,286
GHCND:USW00003812,ASHEVILLE REGIONAL AIRPORT NC US,645.3,35.43194,-82.5375,20100106 11:00,393,289
GHCND:USW00003812,ASHEVILLE REGIONAL AIRPORT NC US,645.3,35.43194,-82.5375,20100106 12:00,420,289
GHCND:USW00003812,ASHEVILLE REGIONAL AIRPORT NC US,645.3,35.43194,-82.5375,20100106 13:00,440,286
GHCND:USW00003812,ASHEVILLE REGIONAL AIRPORT NC US,645.3,35.43194,-82.5375,20100106 14:00,453,283
GHCND:USW00003812,ASHEVILLE REGIONAL AIRPORT NC US,645.3,35.43194,-82.5375,20100106 15:00,459,280
GHCND:USW00003812,ASHEVILLE REGIONAL AIRPORT NC US,645.3,35.43194,-82.5375,20100106 16:00,455,281
GHCND:USW00003812,ASHEVILLE REGIONAL AIRPORT NC US,645.3,35.43194,-82.5375,20100106 17:00,438,282
GHCND:USW00003812,ASHEVILLE REGIONAL AIRPORT NC US,645.3,35.43194,-82.5375,20100106 18:00,411,281
GHCND:USW00003812,ASHEVILLE REGIONAL AIRPORT NC US,645.3,35.43194,-82.5375,20100106 19:00,394,285
GHCND:USW00003812,ASHEVILLE REGIONAL AIRPORT NC US,645.3,35.43194,-82.5375,20100106 20:00,381,287
GHCND:USW00003812,ASHEVILLE REGIONAL AIRPORT NC US,645.3,35.43194,-82.5375,20100106 21:00,371,287
GHCND:USW00003812,ASHEVILLE REGIONAL AIRPORT NC US,645.3,35.43194,-82.5375,20100106 22:00,362,286
GHCND:USW00003812,ASHEVILLE REGIONAL AIRPORT NC US,645.3,35.43194,-82.5375,20100106 23:00,354,286
GHCND:USW00003812,ASHEVILLE REGIONAL AIRPORT NC US,645.3,35.43194,-82.5375,20100107 00:00,347,284
GHCND:USW00003812,ASHEVILLE REGIONAL AIRPORT NC US,645.3,35.43194,-82.5375,20100107 01:00,341,282
GHCND:USW00003812,ASHEVILLE REGIONAL AIRPORT NC US,645.3,35.43194,-82.5375,20100107 02:00,336,279
GHCND:USW00003812,ASHEVILLE REGIONAL AIRPORT NC US,645.3,35.43194,-82.5375,20100107 03:00,332,277
GHCND:USW00003812,ASHEVILLE REGIONAL AIRPORT NC US,645.3,35.43194,-82.5375,20100107 04:00,328,276
GHCND:USW00003812,ASHEVILLE REGIONAL AIRPORT NC US,645.3,35.43194,-82.5375,20100107 05:00,325,274
GHCND:USW00003812,ASHEVILLE REGIONAL AIRPORT NC US,645.3,35.43194,-82.5375,20100107 06:00,322,274
GHCND:USW00003812,ASHEVILLE REGIONAL AIRPORT NC US,645.3,35.43194,-82.5375,20100107 07:00,320,274
GHCND:USW00003812,ASHEVILLE REGIONAL AIRPORT NC US,645.3,35.43194,-82.5375,20100107 08:00,318,272
GHCND:USW00003812,ASHEVILLE REGIONAL AIRPORT NC US,645.3,35.43194,-82.5375,20100107 09:00,334,280
GHCND:USW00003812,ASHEVILLE REGIONAL AIRPORT NC US,645.3,35.43194,-82.5375,20100107 10:00,362,286
GHCND:USW00003812,ASHEVILLE REGIONAL AIRPORT NC US,645.3,35.43194,-82.5375,20100107 11:00,392,290
GHCND:USW00003812,ASHEVILLE REGIONAL AIRPORT NC US,645.3,35.43194,-82.5375,20100107 12:00,419,290
GHCND:USW00003812,ASHEVILLE REGIONAL AIRPORT NC US,645.3,35.43194,-82.5375,20100107 13:00,440,287
GHCND:USW00003812,ASHEVILLE REGIONAL AIRPORT NC US,645.3,35.43194,-82.5375,20100107 14:00,453,283
GHCND:USW00003812,ASHEVILLE REGIONAL AIRPORT NC US,645.3,35.43194,-82.5375,20100107 15:00,459,281
GHCND:USW00003812,ASHEVILLE REGIONAL AIRPORT NC US,645.3,35.43194,-82.5375,20100107 16:00,454,281
GHCND:USW00003812,ASHEVILLE REGIONAL AIRPORT NC US,645.3,35.43194,-82.5375,20100107 17:00,438,281
GHCND:USW00003812,ASHEVILLE REGIONAL AIRPORT NC US,645.3,35.43194,-82.5375,20100107 18:00,410,281
GHCND:USW00003812,ASHEVILLE REGIONAL AIRPORT NC US,645.3,35.43194,-82.5375,20100107 19:00,393,284
GHCND:USW00003812,ASHEVILLE REGIONAL AIRPORT NC US,645.3,35.43194,-82.5375,20100107 20:00,380,285
GHCND:USW00003812,ASHEVILLE REGIONAL AIRPORT NC US,645.3,35.43194,-82.5375,20100107 21:00,370,286
GHCND:USW00003812,ASHEVILLE REGIONAL AIRPORT NC US,645.3,35.43194,-82.5375,20100107 22:00,361,286
GHCND:USW00003812,ASHEVILLE REGIONAL AIRPORT NC US,645.3,35.43194,-82.5375,20100107 23:00,353,285
GHCND:USW00003812,ASHEVILLE REGIONAL AIRPORT NC US,645.3,35.43194,-82.5375,20100108 00:00,346,282
GHCND:USW00003812,ASHEVILLE REGIONAL AIRPORT NC US,645.3,35.43194,-82.5375,20100108 01:00,340,280
GHCND:USW00003812,ASHEVILLE REGIONAL AIRPORT NC US,645.3,35.43194,-82.5375,20100108 02:00,334,278
GHCND:USW00003812,ASHEVILLE REGIONAL AIRPORT NC US,645.3,35.43194,-82.5375,20100108 03:00,330,276
GHCND:USW00003812,ASHEVILLE REGIONAL AIRPORT NC US,645.3,35.43194,-82.5375,20100108 04:00,326,275
GHCND:USW00003812,ASHEVILLE REGIONAL AIRPORT NC US,645.3,35.43194,-82.5375,20100108 05:00,322,273
GHCND:USW00003812,ASHEVILLE REGIONAL AIRPORT NC US,645.3,35.43194,-82.5375,20100108 06:00,320,272
GHCND:USW00003812,ASHEVILLE REGIONAL AIRPORT NC US,645.3,35.43194,-82.5375,20100108 07:00,317,271
GHCND:USW00003812,ASHEVILLE REGIONAL AIRPORT NC US,645.3,35.43194,-82.5375,20100108 08:00,315,269
GHCND:USW00003812,ASHEVILLE REGIONAL AIRPORT NC US,645.3,35.43194,-82.5375,20100108 09:00,331,276
GHCND:USW00003812,ASHEVILLE REGIONAL AIRPORT NC US,645.3,35.43194,-82.5375,20100108 10:00,359,283
GHCND:USW00003812,ASHEVILLE REGIONAL AIRPORT NC US,645.3,35.43194,-82.5375,20100108 11:00,390,285
GHCND:USW00003812,ASHEVILLE REGIONAL AIRPORT NC US,645.3,35.43194,-82.5375,20100108 12:00,416,284
GHCND:USW00003812,ASHEVILLE REGIONAL AIRPORT NC US,645.3,35.43194,-82.5375,20100108 13:00,437,280
GHCND:USW00003812,ASHEVILLE REGIONAL AIRPORT NC US,645.3,35.43194,-82.5375,20100108 14:00,451,277
GHCND:USW00003812,ASHEVILLE REGIONAL AIRPORT NC US,645.3,35.43194,-82.5375,20100108 15:00,457,274
GHCND:USW00003812,ASHEVILLE REGIONAL AIRPORT NC US,645.3,35.43194,-82.5375,20100108 16:00,452,274
GHCND:USW00003812,ASHEVILLE REGIONAL AIRPORT NC US,645.3,35.43194,-82.5375,20100108 17:00,436,274
GHCND:USW00003812,ASHEVILLE REGIONAL AIRPORT NC US,645.3,35.43194,-82.5375,20100108 18:00,408,275
GHCND:USW00003812,ASHEVILLE REGIONAL AIRPORT NC US,645.3,35.43194,-82.5375,20100108 19:00,390,278
GHCND:USW00003812,ASHEVILLE REGIONAL AIRPORT NC US,645.3,35.43194,-82.5375,20100108 20:00,377,280
GHCND:USW00003812,ASHEVILLE REGIONAL AIRPORT NC US,645.3,35.43194,-82.5375,20100108 21:00,367,280
GHCND:USW00003812,ASHEVILLE REGIONAL AIRPORT NC US,645.3,35.43194,-82.5375,20100108 22:00,357,280
GHCND:USW00003812,ASHEVILLE REGIONAL AIRPORT NC US,645.3,35.43194,-82.5375,20100108 23:00,349,279
GHCND:USW00003812,ASHEVILLE REGIONAL AIRPORT NC US,645.3,35.43194,-82.5375,20100109 00:00,343,278
GHCND:USW00003812,ASHEVILLE REGIONAL AIRPORT NC US,645.3,35.43194,-82.5375,20100109 01:00,336,275
GHCND:USW00003812,ASHEVILLE REGIONAL AIRPORT NC US,645.3,35.43194,-82.5375,20100109 02:00,331,273
GHCND:USW00003812,ASHEVILLE REGIONAL AIRPORT NC US,645.3,35.43194,-82.5375,20100109 03:00,326,271
GHCND:USW00003812,ASHEVILLE REGIONAL AIRPORT NC US,645.3,35.43194,-82.5375,20100109 04:00,322,270
GHCND:USW00003812,ASHEVILLE REGIONAL AIRPORT NC US,645.3,35.43194,-82.5375,20100109 05:00,319,268
GHCND:USW00003812,ASHEVILLE REGIONAL AIRPORT NC US,645.3,35.43194,-82.5375,20100109 06:00,316,267
GHCND:USW00003812,ASHEVILLE REGIONAL AIRPORT NC US,645.3,35.43194,-82.5375,20100109 07:00,313,266
GHCND:USW00003812,ASHEVILLE REGIONAL AIRPORT NC US,645.3,35.43194,-82.5375,20100109 08:00,311,265
GHCND:USW00003812,ASHEVILLE REGIONAL AIRPORT NC US,645.3,35.43194,-82.5375,20100109 09:00,328,272
GHCND:USW00003812,ASHEVILLE REGIONAL AIRPORT NC US,645.3,35.43194,-82.5375,20100109 10:00,356,278
GHCND:USW00003812,ASHEVILLE REGIONAL AIRPORT NC US,645.3,35.43194,-82.5375,20100109 11:00,386,280
GHCND:USW00003812,ASHEVILLE REGIONAL AIRPORT NC US,645.3,35.43194,-82.5375,20100109 12:00,413,279
GHCND:USW00003812,ASHEVILLE REGIONAL AIRPORT NC US,645.3,35.43194,-82.5375,20100109 13:00,434,275
GHCND:USW00003812,ASHEVILLE REGIONAL AIRPORT NC US,645.3,35.43194,-82.5375,20100109 14:00,448,272
GHCND:USW00003812,ASHEVILLE REGIONAL AIRPORT NC US,645.3,35.43194,-82.5375,20100109 15:00,454,270
GHCND:USW00003812,ASHEVILLE REGIONAL AIRPORT NC US,645.3,35.43194,-82.5375,20100109 16:00,450,269
GHCND:USW00003812,ASHEVILLE REGIONAL AIRPORT NC US,645.3,35.43194,-82.5375,20100109 17:00,433,270
GHCND:USW00003812,ASHEVILLE REGIONAL AIRPORT NC US,645.3,35.43194,-82.5375,20100109 18:00,405,271
GHCND:USW00003812,ASHEVILLE REGIONAL AIRPORT NC US,645.3,35.43194,-82.5375,20100109 19:00,387,274
GHCND:USW00003812,ASHEVILLE REGIONAL AIRPORT NC US,645.3,35.43194,-82.5375,20100109 20:00,375,275
GHCND:USW00003812,ASHEVILLE REGIONAL AIRPORT NC US,645.3,35.43194,-82.5375,20100109 21:00,364,275
GHCND:USW00003812,ASHEVILLE REGIONAL AIRPORT NC US,645.3,35.43194,-82.5375,20100109 22:00,354,275
GHCND:USW00003812,ASHEVILLE REGIONAL AIRPORT NC US,645.3,35.43194,-82.5375,20100109 23:00,346,274
GHCND:USW00003812,ASHEVILLE REGIONAL AIRPORT NC US,645.3,35.43194,-82.5375,20100110 00:00,340,273
GHCND:USW00003812,ASHEVILLE REGIONAL AIRPORT NC US,645.3,35.43194,-82.5375,20100110 01:00,333,270
GHCND:USW00003812,ASHEVILLE REGIONAL AIRPORT NC US,645.3,35.43194,-82.5375,20100110 02:00,328,268
GHCND:USW00003812,ASHEVILLE REGIONAL AIRPORT NC US,645.3,35.43194,-82.5375,20100110 03:00,323,267
GHCND:USW00003812,ASHEVILLE REGIONAL AIRPORT NC US,645.3,35.43194,-82.5375,20100110 04:00,318,266
GHCND:USW00003812,ASHEVILLE REGIONAL AIRPORT NC US,645.3,35.43194,-82.5375,20100110 05:00,315,264
GHCND:USW00003812,ASHEVILLE REGIONAL AIRPORT NC US,645.3,35.43194,-82.5375,20100110 06:00,313,264
GHCND:USW00003812,ASHEVILLE REGIONAL AIRPORT NC US,645.3,35.43194,-82.5375,20100110 07:00,310,263
GHCND:USW00003812,ASHEVILLE REGIONAL AIRPORT NC US,645.3,35.43194,-82.5375,20100110 08:00,308,262
GHCND:USW00003812,ASHEVILLE REGIONAL AIRPORT NC US,645.3,35.43194,-82.5375,20100110 09:00,325,269
GHCND:USW00003812,ASHEVILLE REGIONAL AIRPORT NC US,645.3,35.43194,-82.5375,20100110 10:00,354,275
GHCND:USW00003812,ASHEVILLE REGIONAL AIRPORT NC US,645.3,35.43194,-82.5375,20100110 11:00,384,276
GHCND:USW00003812,ASHEVILLE REGIONAL AIRPORT NC US,645.3,35.43194,-82.5375,20100110 12:00,411,275
GHCND:USW00003812,ASHEVILLE REGIONAL AIRPORT NC US,645.3,35.43194,-82.5375,20100110 13:00,431,272
GHCND:USW00003812,ASHEVILLE REGIONAL AIRPORT NC US,645.3,35.43194,-82.5375,20100110 14:00,446,270
GHCND:USW00003812,ASHEVILLE REGIONAL AIRPORT NC US,645.3,35.43194,-82.5375,20100110 15:00,452,268
GHCND:USW00003812,ASHEVILLE REGIONAL AIRPORT NC US,645.3,35.43194,-82.5375,20100110 16:00,448,267
GHCND:USW00003812,ASHEVILLE REGIONAL AIRPORT NC US,645.3,35.43194,-82.5375,20100110 17:00,432,268
GHCND:USW00003812,ASHEVILLE REGIONAL AIRPORT NC US,645.3,35.43194,-82.5375,20100110 18:00,403,269
GHCND:USW00003812,ASHEVILLE REGIONAL AIRPORT NC US,645.3,35.43194,-82.5375,20100110 19:00,386,272
GHCND:USW00003812,ASHEVILLE REGIONAL AIRPORT NC US,645.3,35.43194,-82.5375,20100110 20:00,373,273
GHCND:USW00003812,ASHEVILLE REGIONAL AIRPORT NC US,645.3,35.43194,-82.5375,20100110 21:00,362,274
GHCND:USW00003812,ASHEVILLE REGIONAL AIRPORT NC US,645.3,35.43194,-82.5375,20100110 22:00,352,273
GHCND:USW00003812,ASHEVILLE REGIONAL AIRPORT NC US,645.3,35.43194,-82.5375,20100110 23:00,344,272
GHCND:USW00003812,ASHEVILLE REGIONAL AIRPORT NC US,645.3,35.43194,-82.5375,20100111 00:00,338,270
GHCND:USW00003812,ASHEVILLE REGIONAL AIRPORT NC US,645.3,35.43194,-82.5375,20100111 01:00,331,267
GHCND:USW00003812,ASHEVILLE REGIONAL AIRPORT NC US,645.3,35.43194,-82.5375,20100111 02:00,326,265
GHCND:USW00003812,ASHEVILLE REGIONAL AIRPORT NC US,645.3,35.43194,-82.5375,20100111 03:00,322,264
GHCND:USW00003812,ASHEVILLE REGIONAL AIRPORT NC US,645.3,35.43194,-82.5375,20100111 04:00,317,263
GHCND:USW00003812,ASHEVILLE REGIONAL AIRPORT NC US,645.3,35.43194,-82.5375,20100111 05:00,313,262
GHCND:USW00003812,ASHEVILLE REGIONAL AIRPORT NC US,645.3,35.43194,-82.5375,20100111 06:00,311,261
GHCND:USW00003812,ASHEVILLE REGIONAL AIRPORT NC US,645.3,35.43194,-82.5375,20100111 07:00,309,260
GHCND:USW00003812,ASHEVILLE REGIONAL AIRPORT NC US,645.3,35.43194,-82.5375,20100111 08:00,307,259
GHCND:USW00003812,ASHEVILLE REGIONAL AIRPORT NC US,645.3,35.43194,-82.5375,20100111 09:00,323,266
GHCND:USW00003812,ASHEVILLE REGIONAL AIRPORT NC US,645.3,35.43194,-82.5375,20100111 10:00,352,272
GHCND:USW00003812,ASHEVILLE REGIONAL AIRPORT NC US,645.3,35.43194,-82.5375,20100111 11:00,382,274
GHCND:USW00003812,ASHEVILLE REGIONAL AIRPORT NC US,645.3,35.43194,-82.5375,20100111 12:00,409,273
GHCND:USW00003812,ASHEVILLE REGIONAL AIRPORT NC US,645.3,35.43194,-82.5375,20100111 13:00,430,269
GHCND:USW00003812,ASHEVILLE REGIONAL AIRPORT NC US,645.3,35.43194,-82.5375,20100111 14:00,444,266
GHCND:USW00003812,ASHEVILLE REGIONAL AIRPORT NC US,645.3,35.43194,-82.5375,20100111 15:00,451,264
GHCND:USW00003812,ASHEVILLE REGIONAL AIRPORT NC US,645.3,35.43194,-82.5375,20100111 16:00,447,263
GHCND:USW00003812,ASHEVILLE REGIONAL AIRPORT NC US,645.3,35.43194,-82.5375,20100111 17:00,432,264
GHCND:USW00003812,ASHEVILLE REGIONAL AIRPORT NC US,645.3,35.43194,-82.5375,20100111 18:00,403,265
GHCND:USW00003812,ASHEVILLE REGIONAL AIRPORT NC US,645.3,35.43194,-82.5375,20100111 19:00,385,268
GHCND:USW00003812,ASHEVILLE REGIONAL AIRPORT NC US,645.3,35.43194,-82.5375,20100111 20:00,372,270
GHCND:USW00003812,ASHEVILLE REGIONAL AIRPORT NC US,645.3,35.43194,-82.5375,20100111 21:00,361,271
GHCND:USW00003812,ASHEVILLE REGIONAL AIRPORT NC US,645.3,35.43194,-82.5375,20100111 22:00,351,271
GHCND:USW00003812,ASHEVILLE REGIONAL AIRPORT NC US,645.3,35.43194,-82.5375,20100111 23:00,343,269
GHCND:USW00003812,ASHEVILLE REGIONAL AIRPORT NC US,645.3,35.43194,-82.5375,20100112 00:00,337,268
GHCND:USW00003812,ASHEVILLE REGIONAL AIRPORT NC US,645.3,35.43194,-82.5375,20100112 01:00,330,264
GHCND:USW00003812,ASHEVILLE REGIONAL AIRPORT NC US,645.3,35.43194,-82.5375,20100112 02:00,326,262
GHCND:USW00003812,ASHEVILLE REGIONAL AIRPORT NC US,645.3,35.43194,-82.5375,20100112 03:00,322,261
GHCND:USW00003812,ASHEVILLE REGIONAL AIRPORT NC US,645.3,35.43194,-82.5375,20100112 04:00,317,261
GHCND:USW00003812,ASHEVILLE REGIONAL AIRPORT NC US,645.3,35.43194,-82.5375,20100112 05:00,313,259
GHCND:USW00003812,ASHEVILLE REGIONAL AIRPORT NC US,645.3,35.43194,-82.5375,20100112 06:00,310,258
GHCND:USW00003812,ASHEVILLE REGIONAL AIRPORT NC US,645.3,35.43194,-82.5375,20100112 07:00,308,257
GHCND:USW00003812,ASHEVILLE REGIONAL AIRPORT NC US,645.3,35.43194,-82.5375,20100112 08:00,306,256
GHCND:USW00003812,ASHEVILLE REGIONAL AIRPORT NC US,645.3,35.43194,-82.5375,20100112 09:00,322,263
GHCND:USW00003812,ASHEVILLE REGIONAL AIRPORT NC US,645.3,35.43194,-82.5375,20100112 10:00,350,268
GHCND:USW00003812,ASHEVILLE REGIONAL AIRPORT NC US,645.3,35.43194,-82.5375,20100112 11:00,379,269
GHCND:USW00003812,ASHEVILLE REGIONAL AIRPORT NC US,645.3,35.43194,-82.5375,20100112 12:00,406,268
GHCND:USW00003812,ASHEVILLE REGIONAL AIRPORT NC US,645.3,35.43194,-82.5375,20100112 13:00,426,265
GHCND:USW00003812,ASHEVILLE REGIONAL AIRPORT NC US,645.3,35.43194,-82.5375,20100112 14:00,441,262
GHCND:USW00003812,ASHEVILLE REGIONAL AIRPORT NC US,645.3,35.43194,-82.5375,20100112 15:00,448,260
GHCND:USW00003812,ASHEVILLE REGIONAL AIRPORT NC US,645.3,35.43194,-82.5375,20100112 16:00,444,259
GHCND:USW00003812,ASHEVILLE REGIONAL AIRPORT NC US,645.3,35.43194,-82.5375,20100112 17:00,429,260
GHCND:USW00003812,ASHEVILLE REGIONAL AIRPORT NC US,645.3,35.43194,-82.5375,20100112 18:00,400,262
GHCND:USW00003812,ASHEVILLE REGIONAL AIRPORT NC US,645.3,35.43194,-82.5375,20100112 19:00,382,265
GHCND:USW00003812,ASHEVILLE REGIONAL AIRPORT NC US,645.3,35.43194,-82.5375,20100112 20:00,369,267
GHCND:USW00003812,ASHEVILLE REGIONAL AIRPORT NC US,645.3,35.43194,-82.5375,20100112 21:00,358,267
GHCND:USW00003812,ASHEVILLE REGIONAL AIRPORT NC US,645.3,35.43194,-82.5375,20100112 22:00,349,267
GHCND:USW00003812,ASHEVILLE REGIONAL AIRPORT NC US,645.3,35.43194,-82.5375,20100112 23:00,341,266
GHCND:USW00003812,ASHEVILLE REGIONAL AIRPORT NC US,645.3,35.43194,-82.5375,20100113 00:00,334,264
GHCND:USW00003812,ASHEVILLE REGIONAL AIRPORT NC US,645.3,35.43194,-82.5375,20100113 01:00,328,261
GHCND:USW00003812,ASHEVILLE REGIONAL AIRPORT NC US,645.3,35.43194,-82.5375,20100113 02:00,323,259
GHCND:USW00003812,ASHEVILLE REGIONAL AIRPORT NC US,645.3,35.43194,-82.5375,20100113 03:00,319,257
GHCND:USW00003812,ASHEVILLE REGIONAL AIRPORT NC US,645.3,35.43194,-82.5375,20100113 04:00,314,257
GHCND:USW00003812,ASHEVILLE REGIONAL AIRPORT NC US,645.3,35.43194,-82.5375,20100113 05:00,310,256
GHCND:USW00003812,ASHEVILLE REGIONAL AIRPORT NC US,645.3,35.43194,-82.5375,20100113 06:00,308,254
GHCND:USW00003812,ASHEVILLE REGIONAL AIRPORT NC US,645.3,35.43194,-82.5375,20100113 07:00,306,254
GHCND:USW00003812,ASHEVILLE REGIONAL AIRPORT NC US,645.3,35.43194,-82.5375,20100113 08:00,304,253
GHCND:USW00003812,ASHEVILLE REGIONAL AIRPORT NC US,645.3,35.43194,-82.5375,20100113 09:00,321,260
GHCND:USW00003812,ASHEVILLE REGIONAL AIRPORT NC US,645.3,35.43194,-82.5375,20100113 10:00,348,265
GHCND:USW00003812,ASHEVILLE REGIONAL AIRPORT NC US,645.3,35.43194,-82.5375,20100113 11:00,377,266
GHCND:USW00003812,ASHEVILLE REGIONAL AIRPORT NC US,645.3,35.43194,-82.5375,20100113 12:00,403,265
GHCND:USW00003812,ASHEVILLE REGIONAL AIRPORT NC US,645.3,35.43194,-82.5375,20100113 13:00,424,262
GHCND:USW00003812,ASHEVILLE REGIONAL AIRPORT NC US,645.3,35.43194,-82.5375,20100113 14:00,438,259
GHCND:USW00003812,ASHEVILLE REGIONAL AIRPORT NC US,645.3,35.43194,-82.5375,20100113 15:00,444,257
GHCND:USW00003812,ASHEVILLE REGIONAL AIRPORT NC US,645.3,35.43194,-82.5375,20100113 16:00,441,256
GHCND:USW00003812,ASHEVILLE REGIONAL AIRPORT NC US,645.3,35.43194,-82.5375,20100113 17:00,426,258
GHCND:USW00003812,ASHEVILLE REGIONAL AIRPORT NC US,645.3,35.43194,-82.5375,20100113 18:00,397,260
GHCND:USW00003812,ASHEVILLE REGIONAL AIRPORT NC US,645.3,35.43194,-82.5375,20100113 19:00,379,263
GHCND:USW00003812,ASHEVILLE REGIONAL AIRPORT NC US,645.3,35.43194,-82.5375,20100113 20:00,367,265
GHCND:USW00003812,ASHEVILLE REGIONAL AIRPORT NC US,645.3,35.43194,-82.5375,20100113 21:00,355,265
GHCND:USW00003812,ASHEVILLE REGIONAL AIRPORT NC US,645.3,35.43194,-82.5375,20100113 22:00,346,265
GHCND:USW00003812,ASHEVILLE REGIONAL AIRPORT NC US,645.3,35.43194,-82.5375,20100113 23:00,338,264
GHCND:USW00003812,ASHEVILLE REGIONAL AIRPORT NC US,645.3,35.43194,-82.5375,20100114 00:00,331,262
GHCND:USW00003812,ASHEVILLE REGIONAL AIRPORT NC US,645.3,35.43194,-82.5375,20100114 01:00,325,258
GHCND:USW00003812,ASHEVILLE REGIONAL AIRPORT NC US,645.3,35.43194,-82.5375,20100114 02:00,320,257
GHCND:USW00003812,ASHEVILLE REGIONAL AIRPORT NC US,645.3,35.43194,-82.5375,20100114 03:00,316,254
GHCND:USW00003812,ASHEVILLE REGIONAL AIRPORT NC US,645.3,35.43194,-82.5375,20100114 04:00,310,254
GHCND:USW00003812,ASHEVILLE REGIONAL AIRPORT NC US,645.3,35.43194,-82.5375,20100114 05:00,308,253
GHCND:USW00003812,ASHEVILLE REGIONAL AIRPORT NC US,645.3,35.43194,-82.5375,20100114 06:00,305,252
GHCND:USW00003812,ASHEVILLE REGIONAL AIRPORT NC US,645.3,35.43194,-82.5375,20100114 07:00,303,251
GHCND:USW00003812,ASHEVILLE REGIONAL AIRPORT NC US,645.3,35.43194,-82.5375,20100114 08:00,301,250
GHCND:USW00003812,ASHEVILLE REGIONAL AIRPORT NC US,645.3,35.43194,-82.5375,20100114 09:00,317,256
GHCND:USW00003812,ASHEVILLE REGIONAL AIRPORT NC US,645.3,35.43194,-82.5375,20100114 10:00,345,261
GHCND:USW00003812,ASHEVILLE REGIONAL AIRPORT NC US,645.3,35.43194,-82.5375,20100114 11:00,374,263
GHCND:USW00003812,ASHEVILLE REGIONAL AIRPORT NC US,645.3,35.43194,-82.5375,20100114 12:00,401,262
GHCND:USW00003812,ASHEVILLE REGIONAL AIRPORT NC US,645.3,35.43194,-82.5375,20100114 13:00,421,258
GHCND:USW00003812,ASHEVILLE REGIONAL AIRPORT NC US,645.3,35.43194,-82.5375,20100114 14:00,435,255
GHCND:USW00003812,ASHEVILLE REGIONAL AIRPORT NC US,645.3,35.43194,-82.5375,20100114 15:00,441,253
GHCND:USW00003812,ASHEVILLE REGIONAL AIRPORT NC US,645.3,35.43194,-82.5375,20100114 16:00,438,252
GHCND:USW00003812,ASHEVILLE REGIONAL AIRPORT NC US,645.3,35.43194,-82.5375,20100114 17:00,423,254
GHCND:USW00003812,ASHEVILLE REGIONAL AIRPORT NC US,645.3,35.43194,-82.5375,20100114 18:00,394,256
GHCND:USW00003812,ASHEVILLE REGIONAL AIRPORT NC US,645.3,35.43194,-82.5375,20100114 19:00,376,260
GHCND:USW00003812,ASHEVILLE REGIONAL AIRPORT NC US,645.3,35.43194,-82.5375,20100114 20:00,364,261
GHCND:USW00003812,ASHEVILLE REGIONAL AIRPORT NC US,645.3,35.43194,-82.5375,20100114 21:00,352,261
GHCND:USW00003812,ASHEVILLE REGIONAL AIRPORT NC US,645.3,35.43194,-82.5375,20100114 22:00,342,261
GHCND:USW00003812,ASHEVILLE REGIONAL AIRPORT NC US,645.3,35.43194,-82.5375,20100114 23:00,335,260
GHCND:USW00003812,ASHEVILLE REGIONAL AIRPORT NC US,645.3,35.43194,-82.5375,20100115 00:00,328,258
GHCND:USW00003812,ASHEVILLE REGIONAL AIRPORT NC US,645.3,35.43194,-82.5375,20100115 01:00,322,255
GHCND:USW00003812,ASHEVILLE REGIONAL AIRPORT NC US,645.3,35.43194,-82.5375,20100115 02:00,317,253
GHCND:USW00003812,ASHEVILLE REGIONAL AIRPORT NC US,645.3,35.43194,-82.5375,20100115 03:00,312,251
GHCND:USW00003812,ASHEVILLE REGIONAL AIRPORT NC US,645.3,35.43194,-82.5375,20100115 04:00,307,250
GHCND:USW00003812,ASHEVILLE REGIONAL AIRPORT NC US,645.3,35.43194,-82.5375,20100115 05:00,304,249
GHCND:USW00003812,ASHEVILLE REGIONAL AIRPORT NC US,645.3,35.43194,-82.5375,20100115 06:00,302,249
GHCND:USW00003812,ASHEVILLE REGIONAL AIRPORT NC US,645.3,35.43194,-82.5375,20100115 07:00,299,248
GHCND:USW00003812,ASHEVILLE REGIONAL AIRPORT NC US,645.3,35.43194,-82.5375,20100115 08:00,297,247
GHCND:USW00003812,ASHEVILLE REGIONAL AIRPORT NC US,645.3,35.43194,-82.5375,20100115 09:00,314,253
GHCND:USW00003812,ASHEVILLE REGIONAL AIRPORT NC US,645.3,35.43194,-82.5375,20100115 10:00,342,259
GHCND:USW00003812,ASHEVILLE REGIONAL AIRPORT NC US,645.3,35.43194,-82.5375,20100115 11:00,371,260
GHCND:USW00003812,ASHEVILLE REGIONAL AIRPORT NC US,645.3,35.43194,-82.5375,20100115 12:00,398,260
GHCND:USW00003812,ASHEVILLE REGIONAL AIRPORT NC US,645.3,35.43194,-82.5375,20100115 13:00,419,256
GHCND:USW00003812,ASHEVILLE REGIONAL AIRPORT NC US,645.3,35.43194,-82.5375,20100115 14:00,434,253
GHCND:USW00003812,ASHEVILLE REGIONAL AIRPORT NC US,645.3,35.43194,-82.5375,20100115 15:00,441,251
GHCND:USW00003812,ASHEVILLE REGIONAL AIRPORT NC US,645.3,35.43194,-82.5375,20100115 16:00,437,250
GHCND:USW00003812,ASHEVILLE REGIONAL AIRPORT NC US,645.3,35.43194,-82.5375,20100115 17:00,422,252
GHCND:USW00003812,ASHEVILLE REGIONAL AIRPORT NC US,645.3,35.43194,-82.5375,20100115 18:00,394,254
GHCND:USW00003812,ASHEVILLE REGIONAL AIRPORT NC US,645.3,35.43194,-82.5375,20100115 19:00,375,257
GHCND:USW00003812,ASHEVILLE REGIONAL AIRPORT NC US,645.3,35.43194,-82.5375,20100115 20:00,363,259
GHCND:USW00003812,ASHEVILLE REGIONAL AIRPORT NC US,645.3,35.43194,-82.5375,20100115 21:00,351,260
GHCND:USW00003812,ASHEVILLE REGIONAL AIRPORT NC US,645.3,35.43194,-82.5375,20100115 22:00,341,259
GHCND:USW00003812,ASHEVILLE REGIONAL AIRPORT NC US,645.3,35.43194,-82.5375,20100115 23:00,333,259
GHCND:USW00003812,ASHEVILLE REGIONAL AIRPORT NC US,645.3,35.43194,-82.5375,20100116 00:00,327,256
GHCND:USW00003812,ASHEVILLE REGIONAL AIRPORT NC US,645.3,35.43194,-82.5375,20100116 01:00,320,253
GHCND:USW00003812,ASHEVILLE REGIONAL AIRPORT NC US,645.3,35.43194,-82.5375,20100116 02:00,315,252
GHCND:USW00003812,ASHEVILLE REGIONAL AIRPORT NC US,645.3,35.43194,-82.5375,20100116 03:00,310,249
GHCND:USW00003812,ASHEVILLE REGIONAL AIRPORT NC US,645.3,35.43194,-82.5375,20100116 04:00,305,249
GHCND:USW00003812,ASHEVILLE REGIONAL AIRPORT NC US,645.3,35.43194,-82.5375,20100116 05:00,302,247
GHCND:USW00003812,ASHEVILLE REGIONAL AIRPORT NC US,645.3,35.43194,-82.5375,20100116 06:00,300,247
GHCND:USW00003812,ASHEVILLE REGIONAL AIRPORT NC US,645.3,35.43194,-82.5375,20100116 07:00,297,246
GHCND:USW00003812,ASHEVILLE REGIONAL AIRPORT NC US,645.3,35.43194,-82.5375,20100116 08:00,295,245
GHCND:USW00003812,ASHEVILLE REGIONAL AIRPORT NC US,645.3,35.43194,-82.5375,20100116 09:00,312,252
GHCND:USW00003812,ASHEVILLE REGIONAL AIRPORT NC US,645.3,35.43194,-82.5375,20100116 10:00,341,258
GHCND:USW00003812,ASHEVILLE REGIONAL AIRPORT NC US,645.3,35.43194,-82.5375,20100116 11:00,370,260
GHCND:USW00003812,ASHEVILLE REGIONAL AIRPORT NC US,645.3,35.43194,-82.5375,20100116 12:00,398,258
GHCND:USW00003812,ASHEVILLE REGIONAL AIRPORT NC US,645.3,35.43194,-82.5375,20100116 13:00,419,256
GHCND:USW00003812,ASHEVILLE REGIONAL AIRPORT NC US,645.3,35.43194,-82.5375,20100116 14:00,435,253
GHCND:USW00003812,ASHEVILLE REGIONAL AIRPORT NC US,645.3,35.43194,-82.5375,20100116 15:00,442,251
GHCND:USW00003812,ASHEVILLE REGIONAL AIRPORT NC US,645.3,35.43194,-82.5375,20100116 16:00,438,250
GHCND:USW00003812,ASHEVILLE REGIONAL AIRPORT NC US,645.3,35.43194,-82.5375,20100116 17:00,424,252
GHCND:USW00003812,ASHEVILLE REGIONAL AIRPORT NC US,645.3,35.43194,-82.5375,20100116 18:00,396,255
GHCND:USW00003812,ASHEVILLE REGIONAL AIRPORT NC US,645.3,35.43194,-82.5375,20100116 19:00,376,258
GHCND:USW00003812,ASHEVILLE REGIONAL AIRPORT NC US,645.3,35.43194,-82.5375,20100116 20:00,364,260
GHCND:USW00003812,ASHEVILLE REGIONAL AIRPORT NC US,645.3,35.43194,-82.5375,20100116 21:00,352,260
GHCND:USW00003812,ASHEVILLE REGIONAL AIRPORT NC US,645.3,35.43194,-82.5375,20100116 22:00,342,260
GHCND:USW00003812,ASHEVILLE REGIONAL AIRPORT NC US,645.3,35.43194,-82.5375,20100116 23:00,334,259
GHCND:USW00003812,ASHEVILLE REGIONAL AIRPORT NC US,645.3,35.43194,-82.5375,20100117 00:00,327,257
GHCND:USW00003812,ASHEVILLE REGIONAL AIRPORT NC US,645.3,35.43194,-82.5375,20100117 01:00,321,254
GHCND:USW00003812,ASHEVILLE REGIONAL AIRPORT NC US,645.3,35.43194,-82.5375,20100117 02:00,316,252
GHCND:USW00003812,ASHEVILLE REGIONAL AIRPORT NC US,645.3,35.43194,-82.5375,20100117 03:00,311,250
GHCND:USW00003812,ASHEVILLE REGIONAL AIRPORT NC US,645.3,35.43194,-82.5375,20100117 04:00,305,249
GHCND:USW00003812,ASHEVILLE REGIONAL AIRPORT NC US,645.3,35.43194,-82.5375,20100117 05:00,303,248
GHCND:USW00003812,ASHEVILLE REGIONAL AIRPORT NC US,645.3,35.43194,-82.5375,20100117 06:00,301,248
GHCND:USW00003812,ASHEVILLE REGIONAL AIRPORT NC US,645.3,35.43194,-82.5375,20100117 07:00,298,246
GHCND:USW00003812,ASHEVILLE REGIONAL AIRPORT NC US,645.3,35.43194,-82.5375,20100117 08:00,296,246
GHCND:USW00003812,ASHEVILLE REGIONAL AIRPORT NC US,645.3,35.43194,-82.5375,20100117 09:00,314,253
GHCND:USW00003812,ASHEVILLE REGIONAL AIRPORT NC US,645.3,35.43194,-82.5375,20100117 10:00,342,258
GHCND:USW00003812,ASHEVILLE REGIONAL AIRPORT NC US,645.3,35.43194,-82.5375,20100117 11:00,371,260
GHCND:USW00003812,ASHEVILLE REGIONAL AIRPORT NC US,645.3,35.43194,-82.5375,20100117 12:00,399,258
GHCND:USW00003812,ASHEVILLE REGIONAL AIRPORT NC US,645.3,35.43194,-82.5375,20100117 13:00,420,256
GHCND:USW00003812,ASHEVILLE REGIONAL AIRPORT NC US,645.3,35.43194,-82.5375,20100117 14:00,435,252
GHCND:USW00003812,ASHEVILLE REGIONAL AIRPORT NC US,645.3,35.43194,-82.5375,20100117 15:00,441,250
GHCND:USW00003812,ASHEVILLE REGIONAL AIRPORT NC US,645.3,35.43194,-82.5375,20100117 16:00,438,249
GHCND:USW00003812,ASHEVILLE REGIONAL AIRPORT NC US,645.3,35.43194,-82.5375,20100117 17:00,424,251
GHCND:USW00003812,ASHEVILLE REGIONAL AIRPORT NC US,645.3,35.43194,-82.5375,20100117 18:00,395,254
GHCND:USW00003812,ASHEVILLE REGIONAL AIRPORT NC US,645.3,35.43194,-82.5375,20100117 19:00,376,257
GHCND:USW00003812,ASHEVILLE REGIONAL AIRPORT NC US,645.3,35.43194,-82.5375,20100117 20:00,364,259
GHCND:USW00003812,ASHEVILLE REGIONAL AIRPORT NC US,645.3,35.43194,-82.5375,20100117 21:00,352,259
GHCND:USW00003812,ASHEVILLE REGIONAL AIRPORT NC US,645.3,35.43194,-82.5375,20100117 22:00,342,259
GHCND:USW00003812,ASHEVILLE REGIONAL AIRPORT NC US,645.3,35.43194,-82.5375,20100117 23:00,334,258
GHCND:USW00003812,ASHEVILLE REGIONAL AIRPORT NC US,645.3,35.43194,-82.5375,20100118 00:00,327,256
GHCND:USW00003812,ASHEVILLE REGIONAL AIRPORT NC US,645.3,35.43194,-82.5375,20100118 01:00,321,253
GHCND:USW00003812,ASHEVILLE REGIONAL AIRPORT NC US,645.3,35.43194,-82.5375,20100118 02:00,316,251
GHCND:USW00003812,ASHEVILLE REGIONAL AIRPORT NC US,645.3,35.43194,-82.5375,20100118 03:00,311,249
GHCND:USW00003812,ASHEVILLE REGIONAL AIRPORT NC US,645.3,35.43194,-82.5375,20100118 04:00,305,248
GHCND:USW00003812,ASHEVILLE REGIONAL AIRPORT NC US,645.3,35.43194,-82.5375,20100118 05:00,302,247
GHCND:USW00003812,ASHEVILLE REGIONAL AIRPORT NC US,645.3,35.43194,-82.5375,20100118 06:00,300,246
GHCND:USW00003812,ASHEVILLE REGIONAL AIRPORT NC US,645.3,35.43194,-82.5375,20100118 07:00,297,244
GHCND:USW00003812,ASHEVILLE REGIONAL AIRPORT NC US,645.3,35.43194,-82.5375,20100118 08:00,295,244
GHCND:USW00003812,ASHEVILLE REGIONAL AIRPORT NC US,645.3,35.43194,-82.5375,20100118 09:00,314,251
GHCND:USW00003812,ASHEVILLE REGIONAL AIRPORT NC US,645.3,35.43194,-82.5375,20100118 10:00,341,256
GHCND:USW00003812,ASHEVILLE REGIONAL AIRPORT NC US,645.3,35.43194,-82.5375,20100118 11:00,371,258
GHCND:USW00003812,ASHEVILLE REGIONAL AIRPORT NC US,645.3,35.43194,-82.5375,20100118 12:00,399,256
GHCND:USW00003812,ASHEVILLE REGIONAL AIRPORT NC US,645.3,35.43194,-82.5375,20100118 13:00,421,254
GHCND:USW00003812,ASHEVILLE REGIONAL AIRPORT NC US,645.3,35.43194,-82.5375,20100118 14:00,436,250
GHCND:USW00003812,ASHEVILLE REGIONAL AIRPORT NC US,645.3,35.43194,-82.5375,20100118 15:00,442,248
GHCND:USW00003812,ASHEVILLE REGIONAL AIRPORT NC US,645.3,35.43194,-82.5375,20100118 16:00,439,248
GHCND:USW00003812,ASHEVILLE REGIONAL AIRPORT NC US,645.3,35.43194,-82.5375,20100118 17:00,425,249
GHCND:USW00003812,ASHEVILLE REGIONAL AIRPORT NC US,645.3,35.43194,-82.5375,20100118 18:00,396,252
GHCND:USW00003812,ASHEVILLE REGIONAL AIRPORT NC US,645.3,35.43194,-82.5375,20100118 19:00,377,255
GHCND:USW00003812,ASHEVILLE REGIONAL AIRPORT NC US,645.3,35.43194,-82.5375,20100118 20:00,364,256
GHCND:USW00003812,ASHEVILLE REGIONAL AIRPORT NC US,645.3,35.43194,-82.5375,20100118 21:00,352,257
GHCND:USW00003812,ASHEVILLE REGIONAL AIRPORT NC US,645.3,35.43194,-82.5375,20100118 22:00,342,256
GHCND:USW00003812,ASHEVILLE REGIONAL AIRPORT NC US,645.3,35.43194,-82.5375,20100118 23:00,334,256
GHCND:USW00003812,ASHEVILLE REGIONAL AIRPORT NC US,645.3,35.43194,-82.5375,20100119 00:00,327,254
GHCND:USW00003812,ASHEVILLE REGIONAL AIRPORT NC US,645.3,35.43194,-82.5375,20100119 01:00,321,252
GHCND:USW00003812,ASHEVILLE REGIONAL AIRPORT NC US,645.3,35.43194,-82.5375,20100119 02:00,315,250
GHCND:USW00003812,ASHEVILLE REGIONAL AIRPORT NC US,645.3,35.43194,-82.5375,20100119 03:00,310,247
GHCND:USW00003812,ASHEVILLE REGIONAL AIRPORT NC US,645.3,35.43194,-82.5375,20100119 04:00,304,246
GHCND:USW00003812,ASHEVILLE REGIONAL AIRPORT NC US,645.3,35.43194,-82.5375,20100119 05:00,301,244
GHCND:USW00003812,ASHEVILLE REGIONAL AIRPORT NC US,645.3,35.43194,-82.5375,20100119 06:00,299,243
GHCND:USW00003812,ASHEVILLE REGIONAL AIRPORT NC US,645.3,35.43194,-82.5375,20100119 07:00,296,242
GHCND:USW00003812,ASHEVILLE REGIONAL AIRPORT NC US,645.3,35.43194,-82.5375,20100119 08:00,294,242
GHCND:USW00003812,ASHEVILLE REGIONAL AIRPORT NC US,645.3,35.43194,-82.5375,20100119 09:00,313,249
GHCND:USW00003812,ASHEVILLE REGIONAL AIRPORT NC US,645.3,35.43194,-82.5375,20100119 10:00,340,254
GHCND:USW00003812,ASHEVILLE REGIONAL AIRPORT NC US,645.3,35.43194,-82.5375,20100119 11:00,370,256
GHCND:USW00003812,ASHEVILLE REGIONAL AIRPORT NC US,645.3,35.43194,-82.5375,20100119 12:00,398,254
GHCND:USW00003812,ASHEVILLE REGIONAL AIRPORT NC US,645.3,35.43194,-82.5375,20100119 13:00,420,252
GHCND:USW00003812,ASHEVILLE REGIONAL AIRPORT NC US,645.3,35.43194,-82.5375,20100119 14:00,436,249
GHCND:USW00003812,ASHEVILLE REGIONAL AIRPORT NC US,645.3,35.43194,-82.5375,20100119 15:00,442,247
GHCND:USW00003812,ASHEVILLE REGIONAL AIRPORT NC US,645.3,35.43194,-82.5375,20100119 16:00,439,246
GHCND:USW00003812,ASHEVILLE REGIONAL AIRPORT NC US,645.3,35.43194,-82.5375,20100119 17:00,425,247
GHCND:USW00003812,ASHEVILLE REGIONAL AIRPORT NC US,645.3,35.43194,-82.5375,20100119 18:00,397,250
GHCND:USW00003812,ASHEVILLE REGIONAL AIRPORT NC US,645.3,35.43194,-82.5375,20100119 19:00,377,253
GHCND:USW00003812,ASHEVILLE REGIONAL AIRPORT NC US,645.3,35.43194,-82.5375,20100119 20:00,364,255
GHCND:USW00003812,ASHEVILLE REGIONAL AIRPORT NC US,645.3,35.43194,-82.5375,20100119 21:00,351,255
GHCND:USW00003812,ASHEVILLE REGIONAL AIRPORT NC US,645.3,35.43194,-82.5375,20100119 22:00,341,255
GHCND:USW00003812,ASHEVILLE REGIONAL AIRPORT NC US,645.3,35.43194,-82.5375,20100119 23:00,333,255
GHCND:USW00003812,ASHEVILLE REGIONAL AIRPORT NC US,645.3,35.43194,-82.5375,20100120 00:00,326,253
GHCND:USW00003812,ASHEVILLE REGIONAL AIRPORT NC US,645.3,35.43194,-82.5375,20100120 01:00,320,251
GHCND:USW00003812,ASHEVILLE REGIONAL AIRPORT NC US,645.3,35.43194,-82.5375,20100120 02:00,314,250
GHCND:USW00003812,ASHEVILLE REGIONAL AIRPORT NC US,645.3,35.43194,-82.5375,20100120 03:00,309,247
GHCND:USW00003812,ASHEVILLE REGIONAL AIRPORT NC US,645.3,35.43194,-82.5375,20100120 04:00,304,245
GHCND:USW00003812,ASHEVILLE REGIONAL AIRPORT NC US,645.3,35.43194,-82.5375,20100120 05:00,300,244
GHCND:USW00003812,ASHEVILLE REGIONAL AIRPORT NC US,645.3,35.43194,-82.5375,20100120 06:00,297,242
GHCND:USW00003812,ASHEVILLE REGIONAL AIRPORT NC US,645.3,35.43194,-82.5375,20100120 07:00,294,241
GHCND:USW00003812,ASHEVILLE REGIONAL AIRPORT NC US,645.3,35.43194,-82.5375,20100120 08:00,293,240
GHCND:USW00003812,ASHEVILLE REGIONAL AIRPORT NC US,645.3,35.43194,-82.5375,20100120 09:00,311,248
GHCND:USW00003812,ASHEVILLE REGIONAL AIRPORT NC US,645.3,35.43194,-82.5375,20100120 10:00,339,252
GHCND:USW00003812,ASHEVILLE REGIONAL AIRPORT NC US,645.3,35.43194,-82.5375,20100120 11:00,368,253
GHCND:USW00003812,ASHEVILLE REGIONAL AIRPORT NC US,645.3,35.43194,-82.5375,20100120 12:00,396,250
GHCND:USW00003812,ASHEVILLE REGIONAL AIRPORT NC US,645.3,35.43194,-82.5375,20100120 13:00,418,248
GHCND:USW00003812,ASHEVILLE REGIONAL AIRPORT NC US,645.3,35.43194,-82.5375,20100120 14:00,434,245
GHCND:USW00003812,ASHEVILLE REGIONAL AIRPORT NC US,645.3,35.43194,-82.5375,20100120 15:00,441,243
GHCND:USW00003812,ASHEVILLE REGIONAL AIRPORT NC US,645.3,35.43194,-82.5375,20100120 16:00,438,243
GHCND:USW00003812,ASHEVILLE REGIONAL AIRPORT NC US,645.3,35.43194,-82.5375,20100120 17:00,425,243
GHCND:USW00003812,ASHEVILLE REGIONAL AIRPORT NC US,645.3,35.43194,-82.5375,20100120 18:00,396,246
GHCND:USW00003812,ASHEVILLE REGIONAL AIRPORT NC US,645.3,35.43194,-82.5375,20100120 19:00,375,249
GHCND:USW00003812,ASHEVILLE REGIONAL AIRPORT NC US,645.3,35.43194,-82.5375,20100120 20:00,362,251
GHCND:USW00003812,ASHEVILLE REGIONAL AIRPORT NC US,645.3,35.43194,-82.5375,20100120 21:00,349,252
GHCND:USW00003812,ASHEVILLE REGIONAL AIRPORT NC US,645.3,35.43194,-82.5375,20100120 22:00,339,252
GHCND:USW00003812,ASHEVILLE REGIONAL AIRPORT NC US,645.3,35.43194,-82.5375,20100120 23:00,331,251
GHCND:USW00003812,ASHEVILLE REGIONAL AIRPORT NC US,645.3,35.43194,-82.5375,20100121 00:00,324,250
GHCND:USW00003812,ASHEVILLE REGIONAL AIRPORT NC US,645.3,35.43194,-82.5375,20100121 01:00,317,248
GHCND:USW00003812,ASHEVILLE REGIONAL AIRPORT NC US,645.3,35.43194,-82.5375,20100121 02:00,311,246
GHCND:USW00003812,ASHEVILLE REGIONAL AIRPORT NC US,645.3,35.43194,-82.5375,20100121 03:00,306,244
GHCND:USW00003812,ASHEVILLE REGIONAL AIRPORT NC US,645.3,35.43194,-82.5375,20100121 04:00,301,242
GHCND:USW00003812,ASHEVILLE REGIONAL AIRPORT NC US,645.3,35.43194,-82.5375,20100121 05:00,297,241
GHCND:USW00003812,ASHEVILLE REGIONAL AIRPORT NC US,645.3,35.43194,-82.5375,20100121 06:00,294,239
GHCND:USW00003812,ASHEVILLE REGIONAL AIRPORT NC US,645.3,35.43194,-82.5375,20100121 07:00,292,237
GHCND:USW00003812,ASHEVILLE REGIONAL AIRPORT NC US,645.3,35.43194,-82.5375,20100121 08:00,290,237
GHCND:USW00003812,ASHEVILLE REGIONAL AIRPORT NC US,645.3,35.43194,-82.5375,20100121 09:00,310,245
GHCND:USW00003812,ASHEVILLE REGIONAL AIRPORT NC US,645.3,35.43194,-82.5375,20100121 10:00,338,249
GHCND:USW00003812,ASHEVILLE REGIONAL AIRPORT NC US,645.3,35.43194,-82.5375,20100121 11:00,368,250
GHCND:USW00003812,ASHEVILLE REGIONAL AIRPORT NC US,645.3,35.43194,-82.5375,20100121 12:00,397,247
GHCND:USW00003812,ASHEVILLE REGIONAL AIRPORT NC US,645.3,35.43194,-82.5375,20100121 13:00,419,245
GHCND:USW00003812,ASHEVILLE REGIONAL AIRPORT NC US,645.3,35.43194,-82.5375,20100121 14:00,435,242
GHCND:USW00003812,ASHEVILLE REGIONAL AIRPORT NC US,645.3,35.43194,-82.5375,20100121 15:00,442,242
GHCND:USW00003812,ASHEVILLE REGIONAL AIRPORT NC US,645.3,35.43194,-82.5375,20100121 16:00,439,241
GHCND:USW00003812,ASHEVILLE REGIONAL AIRPORT NC US,645.3,35.43194,-82.5375,20100121 17:00,426,241
GHCND:USW00003812,ASHEVILLE REGIONAL AIRPORT NC US,645.3,35.43194,-82.5375,20100121 18:00,397,244
GHCND:USW00003812,ASHEVILLE REGIONAL AIRPORT NC US,645.3,35.43194,-82.5375,20100121 19:00,376,247
GHCND:USW00003812,ASHEVILLE REGIONAL AIRPORT NC US,645.3,35.43194,-82.5375,20100121 20:00,362,249
GHCND:USW00003812,ASHEVILLE REGIONAL AIRPORT NC US,645.3,35.43194,-82.5375,20100121 21:00,349,249
GHCND:USW00003812,ASHEVILLE REGIONAL AIRPORT NC US,645.3,35.43194,-82.5375,20100121 22:00,339,250
GHCND:USW00003812,ASHEVILLE REGIONAL AIRPORT NC US,645.3,35.43194,-82.5375,20100121 23:00,331,249
GHCND:USW00003812,ASHEVILLE REGIONAL AIRPORT NC US,645.3,35.43194,-82.5375,20100122 00:00,324,248
GHCND:USW00003812,ASHEVILLE REGIONAL AIRPORT NC US,645.3,35.43194,-82.5375,20100122 01:00,317,246
GHCND:USW00003812,ASHEVILLE REGIONAL AIRPORT NC US,645.3,35.43194,-82.5375,20100122 02:00,312,245
GHCND:USW00003812,ASHEVILLE REGIONAL AIRPORT NC US,645.3,35.43194,-82.5375,20100122 03:00,307,242
GHCND:USW00003812,ASHEVILLE REGIONAL AIRPORT NC US,645.3,35.43194,-82.5375,20100122 04:00,301,241
GHCND:USW00003812,ASHEVILLE REGIONAL AIRPORT NC US,645.3,35.43194,-82.5375,20100122 05:00,298,241
GHCND:USW00003812,ASHEVILLE REGIONAL AIRPORT NC US,645.3,35.43194,-82.5375,20100122 06:00,295,239
GHCND:USW00003812,ASHEVILLE REGIONAL AIRPORT NC US,645.3,35.43194,-82.5375,20100122 07:00,292,238
GHCND:USW00003812,ASHEVILLE REGIONAL AIRPORT NC US,645.3,35.43194,-82.5375,20100122 08:00,291,238
GHCND:USW00003812,ASHEVILLE REGIONAL AIRPORT NC US,645.3,35.43194,-82.5375,20100122 09:00,311,246
GHCND:USW00003812,ASHEVILLE REGIONAL AIRPORT NC US,645.3,35.43194,-82.5375,20100122 10:00,340,251
GHCND:USW00003812,ASHEVILLE REGIONAL AIRPORT NC US,645.3,35.43194,-82.5375,20100122 11:00,370,252
GHCND:USW00003812,ASHEVILLE REGIONAL AIRPORT NC US,645.3,35.43194,-82.5375,20100122 12:00,399,249
GHCND:USW00003812,ASHEVILLE REGIONAL AIRPORT NC US,645.3,35.43194,-82.5375,20100122 13:00,420,248
GHCND:USW00003812,ASHEVILLE REGIONAL AIRPORT NC US,645.3,35.43194,-82.5375,20100122 14:00,437,246
GHCND:USW00003812,ASHEVILLE REGIONAL AIRPORT NC US,645.3,35.43194,-82.5375,20100122 15:00,443,246
GHCND:USW00003812,ASHEVILLE REGIONAL AIRPORT NC US,645.3,35.43194,-82.5375,20100122 16:00,440,245
GHCND:USW00003812,ASHEVILLE REGIONAL AIRPORT NC US,645.3,35.43194,-82.5375,20100122 17:00,428,245
GHCND:USW00003812,ASHEVILLE REGIONAL AIRPORT NC US,645.3,35.43194,-82.5375,20100122 18:00,399,248
GHCND:USW00003812,ASHEVILLE REGIONAL AIRPORT NC US,645.3,35.43194,-82.5375,20100122 19:00,378,251
GHCND:USW00003812,ASHEVILLE REGIONAL AIRPORT NC US,645.3,35.43194,-82.5375,20100122 20:00,364,252
GHCND:USW00003812,ASHEVILLE REGIONAL AIRPORT NC US,645.3,35.43194,-82.5375,20100122 21:00,351,253
GHCND:USW00003812,ASHEVILLE REGIONAL AIRPORT NC US,645.3,35.43194,-82.5375,20100122 22:00,341,253
GHCND:USW00003812,ASHEVILLE REGIONAL AIRPORT NC US,645.3,35.43194,-82.5375,20100122 23:00,333,253
GHCND:USW00003812,ASHEVILLE REGIONAL AIRPORT NC US,645.3,35.43194,-82.5375,20100123 00:00,325,251
GHCND:USW00003812,ASHEVILLE REGIONAL AIRPORT NC US,645.3,35.43194,-82.5375,20100123 01:00,319,250
GHCND:USW00003812,ASHEVILLE REGIONAL AIRPORT NC US,645.3,35.43194,-82.5375,20100123 02:00,314,248
GHCND:USW00003812,ASHEVILLE REGIONAL AIRPORT NC US,645.3,35.43194,-82.5375,20100123 03:00,309,246
GHCND:USW00003812,ASHEVILLE REGIONAL AIRPORT NC US,645.3,35.43194,-82.5375,20100123 04:00,304,245
GHCND:USW00003812,ASHEVILLE REGIONAL AIRPORT NC US,645.3,35.43194,-82.5375,20100123 05:00,301,244
GHCND:USW00003812,ASHEVILLE REGIONAL AIRPORT NC US,645.3,35.43194,-82.5375,20100123 06:00,298,243
GHCND:USW00003812,ASHEVILLE REGIONAL AIRPORT NC US,645.3,35.43194,-82.5375,20100123 07:00,295,241
GHCND:USW00003812,ASHEVILLE REGIONAL AIRPORT NC US,645.3,35.43194,-82.5375,20100123 08:00,294,242
GHCND:USW00003812,ASHEVILLE REGIONAL AIRPORT NC US,645.3,35.43194,-82.5375,20100123 09:00,314,250
GHCND:USW00003812,ASHEVILLE REGIONAL AIRPORT NC US,645.3,35.43194,-82.5375,20100123 10:00,342,255
GHCND:USW00003812,ASHEVILLE REGIONAL AIRPORT NC US,645.3,35.43194,-82.5375,20100123 11:00,373,257
GHCND:USW00003812,ASHEVILLE REGIONAL AIRPORT NC US,645.3,35.43194,-82.5375,20100123 12:00,402,255
GHCND:USW00003812,ASHEVILLE REGIONAL AIRPORT NC US,645.3,35.43194,-82.5375,20100123 13:00,422,253
GHCND:USW00003812,ASHEVILLE REGIONAL AIRPORT NC US,645.3,35.43194,-82.5375,20100123 14:00,439,250
GHCND:USW00003812,ASHEVILLE REGIONAL AIRPORT NC US,645.3,35.43194,-82.5375,20100123 15:00,445,250
GHCND:USW00003812,ASHEVILLE REGIONAL AIRPORT NC US,645.3,35.43194,-82.5375,20100123 16:00,442,249
GHCND:USW00003812,ASHEVILLE REGIONAL AIRPORT NC US,645.3,35.43194,-82.5375,20100123 17:00,429,249
GHCND:USW00003812,ASHEVILLE REGIONAL AIRPORT NC US,645.3,35.43194,-82.5375,20100123 18:00,401,252
GHCND:USW00003812,ASHEVILLE REGIONAL AIRPORT NC US,645.3,35.43194,-82.5375,20100123 19:00,380,255
GHCND:USW00003812,ASHEVILLE REGIONAL AIRPORT NC US,645.3,35.43194,-82.5375,20100123 20:00,367,256
GHCND:USW00003812,ASHEVILLE REGIONAL AIRPORT NC US,645.3,35.43194,-82.5375,20100123 21:00,354,257
GHCND:USW00003812,ASHEVILLE REGIONAL AIRPORT NC US,645.3,35.43194,-82.5375,20100123 22:00,344,256
GHCND:USW00003812,ASHEVILLE REGIONAL AIRPORT NC US,645.3,35.43194,-82.5375,20100123 23:00,336,256
GHCND:USW00003812,ASHEVILLE REGIONAL AIRPORT NC US,645.3,35.43194,-82.5375,20100124 00:00,328,254
GHCND:USW00003812,ASHEVILLE REGIONAL AIRPORT NC US,645.3,35.43194,-82.5375,20100124 01:00,322,252
GHCND:USW00003812,ASHEVILLE REGIONAL AIRPORT NC US,645.3,35.43194,-82.5375,20100124 02:00,316,251
GHCND:USW00003812,ASHEVILLE REGIONAL AIRPORT NC US,645.3,35.43194,-82.5375,20100124 03:00,312,248
GHCND:USW00003812,ASHEVILLE REGIONAL AIRPORT NC US,645.3,35.43194,-82.5375,20100124 04:00,306,247
GHCND:USW00003812,ASHEVILLE REGIONAL AIRPORT NC US,645.3,35.43194,-82.5375,20100124 05:00,303,246
GHCND:USW00003812,ASHEVILLE REGIONAL AIRPORT NC US,645.3,35.43194,-82.5375,20100124 06:00,300,245
GHCND:USW00003812,ASHEVILLE REGIONAL AIRPORT NC US,645.3,35.43194,-82.5375,20100124 07:00,298,244
GHCND:USW00003812,ASHEVILLE REGIONAL AIRPORT NC US,645.3,35.43194,-82.5375,20100124 08:00,297,243
GHCND:USW00003812,ASHEVILLE REGIONAL AIRPORT NC US,645.3,35.43194,-82.5375,20100124 09:00,316,251
GHCND:USW00003812,ASHEVILLE REGIONAL AIRPORT NC US,645.3,35.43194,-82.5375,20100124 10:00,344,256
GHCND:USW00003812,ASHEVILLE REGIONAL AIRPORT NC US,645.3,35.43194,-82.5375,20100124 11:00,375,258
GHCND:USW00003812,ASHEVILLE REGIONAL AIRPORT NC US,645.3,35.43194,-82.5375,20100124 12:00,403,256
GHCND:USW00003812,ASHEVILLE REGIONAL AIRPORT NC US,645.3,35.43194,-82.5375,20100124 13:00,424,254
GHCND:USW00003812,ASHEVILLE REGIONAL AIRPORT NC US,645.3,35.43194,-82.5375,20100124 14:00,441,251
GHCND:USW00003812,ASHEVILLE REGIONAL AIRPORT NC US,645.3,35.43194,-82.5375,20100124 15:00,447,250
GHCND:USW00003812,ASHEVILLE REGIONAL AIRPORT NC US,645.3,35.43194,-82.5375,20100124 16:00,445,250
GHCND:USW00003812,ASHEVILLE REGIONAL AIRPORT NC US,645.3,35.43194,-82.5375,20100124 17:00,432,250
GHCND:USW00003812,ASHEVILLE REGIONAL AIRPORT NC US,645.3,35.43194,-82.5375,20100124 18:00,404,252
GHCND:USW00003812,ASHEVILLE REGIONAL AIRPORT NC US,645.3,35.43194,-82.5375,20100124 19:00,383,256
GHCND:USW00003812,ASHEVILLE REGIONAL AIRPORT NC US,645.3,35.43194,-82.5375,20100124 20:00,369,257
GHCND:USW00003812,ASHEVILLE REGIONAL AIRPORT NC US,645.3,35.43194,-82.5375,20100124 21:00,356,258
GHCND:USW00003812,ASHEVILLE REGIONAL AIRPORT NC US,645.3,35.43194,-82.5375,20100124 22:00,346,258
GHCND:USW00003812,ASHEVILLE REGIONAL AIRPORT NC US,645.3,35.43194,-82.5375,20100124 23:00,338,258
GHCND:USW00003812,ASHEVILLE REGIONAL AIRPORT NC US,645.3,35.43194,-82.5375,20100125 00:00,330,255
GHCND:USW00003812,ASHEVILLE REGIONAL AIRPORT NC US,645.3,35.43194,-82.5375,20100125 01:00,324,254
GHCND:USW00003812,ASHEVILLE REGIONAL AIRPORT NC US,645.3,35.43194,-82.5375,20100125 02:00,318,253
GHCND:USW00003812,ASHEVILLE REGIONAL AIRPORT NC US,645.3,35.43194,-82.5375,20100125 03:00,314,250
GHCND:USW00003812,ASHEVILLE REGIONAL AIRPORT NC US,645.3,35.43194,-82.5375,20100125 04:00,309,249
GHCND:USW00003812,ASHEVILLE REGIONAL AIRPORT NC US,645.3,35.43194,-82.5375,20100125 05:00,305,248
GHCND:USW00003812,ASHEVILLE REGIONAL AIRPORT NC US,645.3,35.43194,-82.5375,20100125 06:00,302,246
GHCND:USW00003812,ASHEVILLE REGIONAL AIRPORT NC US,645.3,35.43194,-82.5375,20100125 07:00,300,245
GHCND:USW00003812,ASHEVILLE REGIONAL AIRPORT NC US,645.3,35.43194,-82.5375,20100125 08:00,298,245
GHCND:USW00003812,ASHEVILLE REGIONAL AIRPORT NC US,645.3,35.43194,-82.5375,20100125 09:00,318,253
GHCND:USW00003812,ASHEVILLE REGIONAL AIRPORT NC US,645.3,35.43194,-82.5375,20100125 10:00,346,258
GHCND:USW00003812,ASHEVILLE REGIONAL AIRPORT NC US,645.3,35.43194,-82.5375,20100125 11:00,377,260
GHCND:USW00003812,ASHEVILLE REGIONAL AIRPORT NC US,645.3,35.43194,-82.5375,20100125 12:00,406,257
GHCND:USW00003812,ASHEVILLE REGIONAL AIRPORT NC US,645.3,35.43194,-82.5375,20100125 13:00,427,255
GHCND:USW00003812,ASHEVILLE REGIONAL AIRPORT NC US,645.3,35.43194,-82.5375,20100125 14:00,444,252
GHCND:USW00003812,ASHEVILLE REGIONAL AIRPORT NC US,645.3,35.43194,-82.5375,20100125 15:00,450,251
GHCND:USW00003812,ASHEVILLE REGIONAL AIRPORT NC US,645.3,35.43194,-82.5375,20100125 16:00,448,250
GHCND:USW00003812,ASHEVILLE REGIONAL AIRPORT NC US,645.3,35.43194,-82.5375,20100125 17:00,435,251
GHCND:USW00003812,ASHEVILLE REGIONAL AIRPORT NC US,645.3,35.43194,-82.5375,20100125 18:00,407,253
GHCND:USW00003812,ASHEVILLE REGIONAL AIRPORT NC US,645.3,35.43194,-82.5375,20100125 19:00,386,256
GHCND:USW00003812,ASHEVILLE REGIONAL AIRPORT NC US,645.3,35.43194,-82.5375,20100125 20:00,372,258
GHCND:USW00003812,ASHEVILLE REGIONAL AIRPORT NC US,645.3,35.43194,-82.5375,20100125 21:00,358,259
GHCND:USW00003812,ASHEVILLE REGIONAL AIRPORT NC US,645.3,35.43194,-82.5375,20100125 22:00,348,258
GHCND:USW00003812,ASHEVILLE REGIONAL AIRPORT NC US,645.3,35.43194,-82.5375,20100125 23:00,340,259
GHCND:USW00003812,ASHEVILLE REGIONAL AIRPORT NC US,645.3,35.43194,-82.5375,20100126 00:00,331,257
GHCND:USW00003812,ASHEVILLE REGIONAL AIRPORT NC US,645.3,35.43194,-82.5375,20100126 01:00,325,256
GHCND:USW00003812,ASHEVILLE REGIONAL AIRPORT NC US,645.3,35.43194,-82.5375,20100126 02:00,319,255
GHCND:USW00003812,ASHEVILLE REGIONAL AIRPORT NC US,645.3,35.43194,-82.5375,20100126 03:00,315,252
GHCND:USW00003812,ASHEVILLE REGIONAL AIRPORT NC US,645.3,35.43194,-82.5375,20100126 04:00,310,251
GHCND:USW00003812,ASHEVILLE REGIONAL AIRPORT NC US,645.3,35.43194,-82.5375,20100126 05:00,307,250
GHCND:USW00003812,ASHEVILLE REGIONAL AIRPORT NC US,645.3,35.43194,-82.5375,20100126 06:00,303,248
GHCND:USW00003812,ASHEVILLE REGIONAL AIRPORT NC US,645.3,35.43194,-82.5375,20100126 07:00,301,247
GHCND:USW00003812,ASHEVILLE REGIONAL AIRPORT NC US,645.3,35.43194,-82.5375,20100126 08:00,300,248
GHCND:USW00003812,ASHEVILLE REGIONAL AIRPORT NC US,645.3,35.43194,-82.5375,20100126 09:00,321,256
GHCND:USW00003812,ASHEVILLE REGIONAL AIRPORT NC US,645.3,35.43194,-82.5375,20100126 10:00,349,261
GHCND:USW00003812,ASHEVILLE REGIONAL AIRPORT NC US,645.3,35.43194,-82.5375,20100126 11:00,381,262
GHCND:USW00003812,ASHEVILLE REGIONAL AIRPORT NC US,645.3,35.43194,-82.5375,20100126 12:00,410,259
GHCND:USW00003812,ASHEVILLE REGIONAL AIRPORT NC US,645.3,35.43194,-82.5375,20100126 13:00,431,258
GHCND:USW00003812,ASHEVILLE REGIONAL AIRPORT NC US,645.3,35.43194,-82.5375,20100126 14:00,448,256
GHCND:USW00003812,ASHEVILLE REGIONAL AIRPORT NC US,645.3,35.43194,-82.5375,20100126 15:00,454,254
GHCND:USW00003812,ASHEVILLE REGIONAL AIRPORT NC US,645.3,35.43194,-82.5375,20100126 16:00,451,253
GHCND:USW00003812,ASHEVILLE REGIONAL AIRPORT NC US,645.3,35.43194,-82.5375,20100126 17:00,438,254
GHCND:USW00003812,ASHEVILLE REGIONAL AIRPORT NC US,645.3,35.43194,-82.5375,20100126 18:00,410,256
GHCND:USW00003812,ASHEVILLE REGIONAL AIRPORT NC US,645.3,35.43194,-82.5375,20100126 19:00,389,259
GHCND:USW00003812,ASHEVILLE REGIONAL AIRPORT NC US,645.3,35.43194,-82.5375,20100126 20:00,374,261
GHCND:USW00003812,ASHEVILLE REGIONAL AIRPORT NC US,645.3,35.43194,-82.5375,20100126 21:00,360,261
GHCND:USW00003812,ASHEVILLE REGIONAL AIRPORT NC US,645.3,35.43194,-82.5375,20100126 22:00,349,261
GHCND:USW00003812,ASHEVILLE REGIONAL AIRPORT NC US,645.3,35.43194,-82.5375,20100126 23:00,341,261
GHCND:USW00003812,ASHEVILLE REGIONAL AIRPORT NC US,645.3,35.43194,-82.5375,20100127 00:00,332,259
GHCND:USW00003812,ASHEVILLE REGIONAL AIRPORT NC US,645.3,35.43194,-82.5375,20100127 01:00,325,258
GHCND:USW00003812,ASHEVILLE REGIONAL AIRPORT NC US,645.3,35.43194,-82.5375,20100127 02:00,319,257
GHCND:USW00003812,ASHEVILLE REGIONAL AIRPORT NC US,645.3,35.43194,-82.5375,20100127 03:00,314,254
GHCND:USW00003812,ASHEVILLE REGIONAL AIRPORT NC US,645.3,35.43194,-82.5375,20100127 04:00,309,253
GHCND:USW00003812,ASHEVILLE REGIONAL AIRPORT NC US,645.3,35.43194,-82.5375,20100127 05:00,306,252
GHCND:USW00003812,ASHEVILLE REGIONAL AIRPORT NC US,645.3,35.43194,-82.5375,20100127 06:00,302,250
GHCND:USW00003812,ASHEVILLE REGIONAL AIRPORT NC US,645.3,35.43194,-82.5375,20100127 07:00,301,248
GHCND:USW00003812,ASHEVILLE REGIONAL AIRPORT NC US,645.3,35.43194,-82.5375,20100127 08:00,301,249
GHCND:USW00003812,ASHEVILLE REGIONAL AIRPORT NC US,645.3,35.43194,-82.5375,20100127 09:00,322,258
GHCND:USW00003812,ASHEVILLE REGIONAL AIRPORT NC US,645.3,35.43194,-82.5375,20100127 10:00,352,263
GHCND:USW00003812,ASHEVILLE REGIONAL AIRPORT NC US,645.3,35.43194,-82.5375,20100127 11:00,384,265
GHCND:USW00003812,ASHEVILLE REGIONAL AIRPORT NC US,645.3,35.43194,-82.5375,20100127 12:00,414,262
GHCND:USW00003812,ASHEVILLE REGIONAL AIRPORT NC US,645.3,35.43194,-82.5375,20100127 13:00,436,261
GHCND:USW00003812,ASHEVILLE REGIONAL AIRPORT NC US,645.3,35.43194,-82.5375,20100127 14:00,453,259
GHCND:USW00003812,ASHEVILLE REGIONAL AIRPORT NC US,645.3,35.43194,-82.5375,20100127 15:00,459,258
GHCND:USW00003812,ASHEVILLE REGIONAL AIRPORT NC US,645.3,35.43194,-82.5375,20100127 16:00,457,257
GHCND:USW00003812,ASHEVILLE REGIONAL AIRPORT NC US,645.3,35.43194,-82.5375,20100127 17:00,443,258
GHCND:USW00003812,ASHEVILLE REGIONAL AIRPORT NC US,645.3,35.43194,-82.5375,20100127 18:00,416,260
GHCND:USW00003812,ASHEVILLE REGIONAL AIRPORT NC US,645.3,35.43194,-82.5375,20100127 19:00,393,263
GHCND:USW00003812,ASHEVILLE REGIONAL AIRPORT NC US,645.3,35.43194,-82.5375,20100127 20:00,378,265
GHCND:USW00003812,ASHEVILLE REGIONAL AIRPORT NC US,645.3,35.43194,-82.5375,20100127 21:00,364,265
GHCND:USW00003812,ASHEVILLE REGIONAL AIRPORT NC US,645.3,35.43194,-82.5375,20100127 22:00,353,264
GHCND:USW00003812,ASHEVILLE REGIONAL AIRPORT NC US,645.3,35.43194,-82.5375,20100127 23:00,344,265
GHCND:USW00003812,ASHEVILLE REGIONAL AIRPORT NC US,645.3,35.43194,-82.5375,20100128 00:00,335,264
GHCND:USW00003812,ASHEVILLE REGIONAL AIRPORT NC US,645.3,35.43194,-82.5375,20100128 01:00,328,263
GHCND:USW00003812,ASHEVILLE REGIONAL AIRPORT NC US,645.3,35.43194,-82.5375,20100128 02:00,323,261
GHCND:USW00003812,ASHEVILLE REGIONAL AIRPORT NC US,645.3,35.43194,-82.5375,20100128 03:00,318,259
GHCND:USW00003812,ASHEVILLE REGIONAL AIRPORT NC US,645.3,35.43194,-82.5375,20100128 04:00,313,258
GHCND:USW00003812,ASHEVILLE REGIONAL AIRPORT NC US,645.3,35.43194,-82.5375,20100128 05:00,310,256
GHCND:USW00003812,ASHEVILLE REGIONAL AIRPORT NC US,645.3,35.43194,-82.5375,20100128 06:00,306,254
GHCND:USW00003812,ASHEVILLE REGIONAL AIRPORT NC US,645.3,35.43194,-82.5375,20100128 07:00,304,251
GHCND:USW00003812,ASHEVILLE REGIONAL AIRPORT NC US,645.3,35.43194,-82.5375,20100128 08:00,304,253
GHCND:USW00003812,ASHEVILLE REGIONAL AIRPORT NC US,645.3,35.43194,-82.5375,20100128 09:00,326,262
GHCND:USW00003812,ASHEVILLE REGIONAL AIRPORT NC US,645.3,35.43194,-82.5375,20100128 10:00,356,267
GHCND:USW00003812,ASHEVILLE REGIONAL AIRPORT NC US,645.3,35.43194,-82.5375,20100128 11:00,388,268
GHCND:USW00003812,ASHEVILLE REGIONAL AIRPORT NC US,645.3,35.43194,-82.5375,20100128 12:00,417,265
GHCND:USW00003812,ASHEVILLE REGIONAL AIRPORT NC US,645.3,35.43194,-82.5375,20100128 13:00,438,263
GHCND:USW00003812,ASHEVILLE REGIONAL AIRPORT NC US,645.3,35.43194,-82.5375,20100128 14:00,455,261
GHCND:USW00003812,ASHEVILLE REGIONAL AIRPORT NC US,645.3,35.43194,-82.5375,20100128 15:00,461,260
GHCND:USW00003812,ASHEVILLE REGIONAL AIRPORT NC US,645.3,35.43194,-82.5375,20100128 16:00,459,259
GHCND:USW00003812,ASHEVILLE REGIONAL AIRPORT NC US,645.3,35.43194,-82.5375,20100128 17:00,446,260
GHCND:USW00003812,ASHEVILLE REGIONAL AIRPORT NC US,645.3,35.43194,-82.5375,20100128 18:00,418,261
GHCND:USW00003812,ASHEVILLE REGIONAL AIRPORT NC US,645.3,35.43194,-82.5375,20100128 19:00,395,264
GHCND:USW00003812,ASHEVILLE REGIONAL AIRPORT NC US,645.3,35.43194,-82.5375,20100128 20:00,379,265
GHCND:USW00003812,ASHEVILLE REGIONAL AIRPORT NC US,645.3,35.43194,-82.5375,20100128 21:00,366,265
GHCND:USW00003812,ASHEVILLE REGIONAL AIRPORT NC US,645.3,35.43194,-82.5375,20100128 22:00,355,265
GHCND:USW00003812,ASHEVILLE REGIONAL AIRPORT NC US,645.3,35.43194,-82.5375,20100128 23:00,346,265
GHCND:USW00003812,ASHEVILLE REGIONAL AIRPORT NC US,645.3,35.43194,-82.5375,20100129 00:00,337,264
GHCND:USW00003812,ASHEVILLE REGIONAL AIRPORT NC US,645.3,35.43194,-82.5375,20100129 01:00,330,263
GHCND:USW00003812,ASHEVILLE REGIONAL AIRPORT NC US,645.3,35.43194,-82.5375,20100129 02:00,325,262
GHCND:USW00003812,ASHEVILLE REGIONAL AIRPORT NC US,645.3,35.43194,-82.5375,20100129 03:00,320,260
GHCND:USW00003812,ASHEVILLE REGIONAL AIRPORT NC US,645.3,35.43194,-82.5375,20100129 04:00,315,259
GHCND:USW00003812,ASHEVILLE REGIONAL AIRPORT NC US,645.3,35.43194,-82.5375,20100129 05:00,311,257
GHCND:USW00003812,ASHEVILLE REGIONAL AIRPORT NC US,645.3,35.43194,-82.5375,20100129 06:00,307,254
GHCND:USW00003812,ASHEVILLE REGIONAL AIRPORT NC US,645.3,35.43194,-82.5375,20100129 07:00,305,252
GHCND:USW00003812,ASHEVILLE REGIONAL AIRPORT NC US,645.3,35.43194,-82.5375,20100129 08:00,304,253
GHCND:USW00003812,ASHEVILLE REGIONAL AIRPORT NC US,645.3,35.43194,-82.5375,20100129 09:00,327,263
GHCND:USW00003812,ASHEVILLE REGIONAL AIRPORT NC US,645.3,35.43194,-82.5375,20100129 10:00,357,268
GHCND:USW00003812,ASHEVILLE REGIONAL AIRPORT NC US,645.3,35.43194,-82.5375,20100129 11:00,390,268
GHCND:USW00003812,ASHEVILLE REGIONAL AIRPORT NC US,645.3,35.43194,-82.5375,20100129 12:00,418,265
GHCND:USW00003812,ASHEVILLE REGIONAL AIRPORT NC US,645.3,35.43194,-82.5375,20100129 13:00,439,262
GHCND:USW00003812,ASHEVILLE REGIONAL AIRPORT NC US,645.3,35.43194,-82.5375,20100129 14:00,456,260
GHCND:USW00003812,ASHEVILLE REGIONAL AIRPORT NC US,645.3,35.43194,-82.5375,20100129 15:00,462,259
GHCND:USW00003812,ASHEVILLE REGIONAL AIRPORT NC US,645.3,35.43194,-82.5375,20100129 16:00,460,259
GHCND:USW00003812,ASHEVILLE REGIONAL AIRPORT NC US,645.3,35.43194,-82.5375,20100129 17:00,447,259
GHCND:USW00003812,ASHEVILLE REGIONAL AIRPORT NC US,645.3,35.43194,-82.5375,20100129 18:00,419,261
GHCND:USW00003812,ASHEVILLE REGIONAL AIRPORT NC US,645.3,35.43194,-82.5375,20100129 19:00,397,263
GHCND:USW00003812,ASHEVILLE REGIONAL AIRPORT NC US,645.3,35.43194,-82.5375,20100129 20:00,381,264
GHCND:USW00003812,ASHEVILLE REGIONAL AIRPORT NC US,645.3,35.43194,-82.5375,20100129 21:00,367,264
GHCND:USW00003812,ASHEVILLE REGIONAL AIRPORT NC US,645.3,35.43194,-82.5375,20100129 22:00,356,265
GHCND:USW00003812,ASHEVILLE REGIONAL AIRPORT NC US,645.3,35.43194,-82.5375,20100129 23:00,346,265
GHCND:USW00003812,ASHEVILLE REGIONAL AIRPORT NC US,645.3,35.43194,-82.5375,20100130 00:00,338,264
GHCND:USW00003812,ASHEVILLE REGIONAL AIRPORT NC US,645.3,35.43194,-82.5375,20100130 01:00,331,263
GHCND:USW00003812,ASHEVILLE REGIONAL AIRPORT NC US,645.3,35.43194,-82.5375,20100130 02:00,325,262
GHCND:USW00003812,ASHEVILLE REGIONAL AIRPORT NC US,645.3,35.43194,-82.5375,20100130 03:00,320,259
GHCND:USW00003812,ASHEVILLE REGIONAL AIRPORT NC US,645.3,35.43194,-82.5375,20100130 04:00,315,258
GHCND:USW00003812,ASHEVILLE REGIONAL AIRPORT NC US,645.3,35.43194,-82.5375,20100130 05:00,311,256
GHCND:USW00003812,ASHEVILLE REGIONAL AIRPORT NC US,645.3,35.43194,-82.5375,20100130 06:00,307,253
GHCND:USW00003812,ASHEVILLE REGIONAL AIRPORT NC US,645.3,35.43194,-82.5375,20100130 07:00,305,251
GHCND:USW00003812,ASHEVILLE REGIONAL AIRPORT NC US,645.3,35.43194,-82.5375,20100130 08:00,305,253
GHCND:USW00003812,ASHEVILLE REGIONAL AIRPORT NC US,645.3,35.43194,-82.5375,20100130 09:00,327,263
GHCND:USW00003812,ASHEVILLE REGIONAL AIRPORT NC US,645.3,35.43194,-82.5375,20100130 10:00,358,267
GHCND:USW00003812,ASHEVILLE REGIONAL AIRPORT NC US,645.3,35.43194,-82.5375,20100130 11:00,391,267
GHCND:USW00003812,ASHEVILLE REGIONAL AIRPORT NC US,645.3,35.43194,-82.5375,20100130 12:00,419,263
GHCND:USW00003812,ASHEVILLE REGIONAL AIRPORT NC US,645.3,35.43194,-82.5375,20100130 13:00,440,261
GHCND:USW00003812,ASHEVILLE REGIONAL AIRPORT NC US,645.3,35.43194,-82.5375,20100130 14:00,457,259
GHCND:USW00003812,ASHEVILLE REGIONAL AIRPORT NC US,645.3,35.43194,-82.5375,20100130 15:00,463,258
GHCND:USW00003812,ASHEVILLE REGIONAL AIRPORT NC US,645.3,35.43194,-82.5375,20100130 16:00,461,259
GHCND:USW00003812,ASHEVILLE REGIONAL AIRPORT NC US,645.3,35.43194,-82.5375,20100130 17:00,448,260
GHCND:USW00003812,ASHEVILLE REGIONAL AIRPORT NC US,645.3,35.43194,-82.5375,20100130 18:00,421,261
GHCND:USW00003812,ASHEVILLE REGIONAL AIRPORT NC US,645.3,35.43194,-82.5375,20100130 19:00,398,264
GHCND:USW00003812,ASHEVILLE REGIONAL AIRPORT NC US,645.3,35.43194,-82.5375,20100130 20:00,382,264
GHCND:USW00003812,ASHEVILLE REGIONAL AIRPORT NC US,645.3,35.43194,-82.5375,20100130 21:00,369,265
GHCND:USW00003812,ASHEVILLE REGIONAL AIRPORT NC US,645.3,35.43194,-82.5375,20100130 22:00,357,265
GHCND:USW00003812,ASHEVILLE REGIONAL AIRPORT NC US,645.3,35.43194,-82.5375,20100130 23:00,348,266
GHCND:USW00003812,ASHEVILLE REGIONAL AIRPORT NC US,645.3,35.43194,-82.5375,20100131 00:00,339,265
GHCND:USW00003812,ASHEVILLE REGIONAL AIRPORT NC US,645.3,35.43194,-82.5375,20100131 01:00,332,264
GHCND:USW00003812,ASHEVILLE REGIONAL AIRPORT NC US,645.3,35.43194,-82.5375,20100131 02:00,327,263
GHCND:USW00003812,ASHEVILLE REGIONAL AIRPORT NC US,645.3,35.43194,-82.5375,20100131 03:00,321,260
GHCND:USW00003812,ASHEVILLE REGIONAL AIRPORT NC US,645.3,35.43194,-82.5375,20100131 04:00,317,259
GHCND:USW00003812,ASHEVILLE REGIONAL AIRPORT NC US,645.3,35.43194,-82.5375,20100131 05:00,312,257
GHCND:USW00003812,ASHEVILLE REGIONAL AIRPORT NC US,645.3,35.43194,-82.5375,20100131 06:00,308,254
GHCND:USW00003812,ASHEVILLE REGIONAL AIRPORT NC US,645.3,35.43194,-82.5375,20100131 07:00,306,252
GHCND:USW00003812,ASHEVILLE REGIONAL AIRPORT NC US,645.3,35.43194,-82.5375,20100131 08:00,306,253
GHCND:USW00003812,ASHEVILLE REGIONAL AIRPORT NC US,645.3,35.43194,-82.5375,20100131 09:00,329,263
GHCND:USW00003812,ASHEVILLE REGIONAL AIRPORT NC US,645.3,35.43194,-82.5375,20100131 10:00,360,268
GHCND:USW00003812,ASHEVILLE REGIONAL AIRPORT NC US,645.3,35.43194,-82.5375,20100131 11:00,393,267
GHCND:USW00003812,ASHEVILLE REGIONAL AIRPORT NC US,645.3,35.43194,-82.5375,20100131 12:00,421,264
GHCND:USW00003812,ASHEVILLE REGIONAL AIRPORT NC US,645.3,35.43194,-82.5375,20100131 13:00,441,260
GHCND:USW00003812,ASHEVILLE REGIONAL AIRPORT NC US,645.3,35.43194,-82.5375,20100131 14:00,458,259
GHCND:USW00003812,ASHEVILLE REGIONAL AIRPORT NC US,645.3,35.43194,-82.5375,20100131 15:00,465,257
GHCND:USW00003812,ASHEVILLE REGIONAL AIRPORT NC US,645.3,35.43194,-82.5375,20100131 16:00,462,258
GHCND:USW00003812,ASHEVILLE REGIONAL AIRPORT NC US,645.3,35.43194,-82.5375,20100131 17:00,449,259
GHCND:USW00003812,ASHEVILLE REGIONAL AIRPORT NC US,645.3,35.43194,-82.5375,20100131 18:00,422,261
GHCND:USW00003812,ASHEVILLE REGIONAL AIRPORT NC US,645.3,35.43194,-82.5375,20100131 19:00,399,263
GHCND:USW00003812,ASHEVILLE REGIONAL AIRPORT NC US,645.3,35.43194,-82.5375,20100131 20:00,382,264
GHCND:USW00003812,ASHEVILLE REGIONAL AIRPORT NC US,645.3,35.43194,-82.5375,20100131 21:00,369,265
GHCND:USW00003812,ASHEVILLE REGIONAL AIRPORT NC US,645.3,35.43194,-82.5375,20100131 22:00,357,265
GHCND:USW00003812,ASHEVILLE REGIONAL AIRPORT NC US,645.3,35.43194,-82.5375,20100131 23:00,347,265